d1,d2,d3,d4,d5,d6,d7,d8,d9,d10,d11,d12,d13,d14,d15,d16,d17,d18,state
2.98,9.41,1.29,0.9,8.55,5.68,0.98,9.8,-1.96,0.54,10.47,1.88,0.13,0.37,0.86,5.62,5.1,-6.52,0
2.86,9.37,1.56,-1.13,9.25,4.51,0.11,9.88,-1.05,0.03,9.96,1.05,0.14,0.24,0.9,-2.13,1.61,-3.11,0
2.82,9.33,1.76,-1.29,9.33,4.66,0,9.96,-1.09,0.19,10.12,1.01,0.14,0.24,0.88,-1.79,0.5,-2.62,0
2.7,9.45,1.96,-1.37,9.53,3.84,0.11,9.92,-1.01,0.31,9.96,1.09,0.15,0.25,0.87,-1.05,0.01,0.87,0
2.54,9.49,1.76,-1.13,9.45,4.78,0.15,9.84,-1.05,0.35,9.96,0.9,0.14,0.24,0.89,0.68,0,0.03,0
2.43,9.53,1.84,-1.25,9.29,4.62,0.03,9.92,-1.17,0.35,9.96,0.98,0.15,0.25,0.89,0.19,0.15,0.53,0
2.66,9.41,1.6,-1.33,9.33,4.58,0.07,9.88,-1.09,0.23,10.04,0.98,0.14,0.25,0.9,0.07,0.68,0.05,0
2.7,9.37,1.8,-1.33,9.33,4.58,0.07,9.92,-1.05,0.31,9.92,0.86,0.14,0.25,0.89,0.86,0.54,-1.72,0
2.66,9.33,1.88,-1.01,9.57,4.74,0.19,9.88,0.78,0.27,9.88,0.86,0.14,0.25,0.89,-2.58,1.26,3.32,0
1.8,9.64,1.96,-1.05,9.1,4.55,0.03,9.8,-1.09,0.23,9.84,0.82,0.13,0.27,0.88,0.7,-1.11,5.36,0
4.74,9.8,0,-1.6,9.37,4.82,0.15,9.84,-1.29,0.43,9.96,0.74,0.13,0.28,0.89,1.91,0.33,3.13,0
3.76,8.9,0.54,-1.49,9.29,4.58,0.07,9.88,-1.25,0.31,9.96,0.66,0.12,0.26,0.9,2.52,0.78,-3.17,0
4.27,9.02,0.19,-1.76,9.25,4.47,0.07,9.84,-1.37,0.27,9.84,0.62,0.13,0.26,0.88,1.21,0.42,1.04,0
4.66,9.1,0.27,-1.84,9.21,4.58,0,9.84,-1.33,0.27,9.96,0.58,0.16,0.25,0.89,0.13,0.67,1.19,0
4.27,9.13,0.11,-1.84,9.29,4.55,0.03,9.84,-1.56,0.35,9.88,0.47,0.14,0.25,0.89,-1.02,0.68,2.62,0
3.88,9.29,0.03,-1.88,9.33,4.43,0.07,9.88,-1.21,0.23,9.88,0.5,0.14,0.26,0.88,0.6,-1.11,1.98,0
4.15,9.25,0.11,-1.8,9.25,4.62,0.03,9.84,-1.41,0.23,9.92,0.66,0.14,0.27,0.88,0.16,-1.59,1.33,0
4.07,9.33,0.07,-1.68,9.33,4.55,0.11,9.88,-1.49,0.31,9.84,0.7,0.14,0.27,0.89,-1.34,-1.14,0.56,0
4.19,9.33,0.15,-1.72,9.21,4.58,0.03,9.88,-1.52,0.31,9.88,0.54,0.14,0.26,0.88,-1.05,0.1,0.3,0
4,9.45,0,-1.72,9.17,4.39,0.07,9.8,-1.49,0.27,9.88,0.5,0.14,0.26,0.88,0.52,0.04,0.56,0
4.66,9.33,0.07,-1.8,9.25,4.47,0.03,9.84,-1.45,0.19,9.88,0.62,0.14,0.26,0.88,1.55,0.22,0.52,0
1.76,9.33,2,-1.68,9.41,4.55,0.07,9.76,-1.52,0.35,9.88,0.58,0.13,0.26,0.88,2.42,0.24,-1.26,0
2.94,9.33,1.49,-1.56,9.53,4.82,0.31,9.88,-1.6,0.39,9.96,0.47,0.15,0.25,0.9,-1.52,1.35,-6.43,0
2.78,9.53,1.64,-1.41,9.29,4.58,0,9.84,-1.21,0,9.96,0.58,0.15,0.26,0.89,-1.95,2.47,-5.18,0
2.58,9.41,1.68,-1.45,9.41,4.39,0.07,9.76,-1.56,0.39,9.8,0.54,0.13,0.25,0.88,-1.76,1.29,-5.87,0
2.78,9.41,1.68,-1.33,9.33,4.62,0.07,9.8,-1.45,0.03,9.92,0.62,0.14,0.27,0.89,-1.7,0.75,-3.21,0
2.82,9.57,1.45,-1.13,9.29,4.62,0.07,9.76,-1.6,0.11,9.96,0.66,0.13,0.29,0.87,0.23,0.42,-3.56,0
2.7,9.53,1.13,-1.17,9.25,4.62,0.07,9.84,-1.6,0,9.92,0.58,0.14,0.27,0.89,1.63,0.62,-1.36,0
2.62,9.41,1.68,-1.52,9.37,4.55,0,9.88,-1.49,0.03,9.92,0.5,0.14,0.26,0.89,0.18,0.06,0.71,0
2.51,9.45,1.8,-1.6,9.41,4.27,0.03,9.72,-1.56,0.19,9.92,0.35,0.15,0.24,0.88,-2.66,0.88,-2.65,0
2.66,9.53,1.8,-1.29,9.25,4.66,0,9.72,-1.6,0.15,9.88,0.62,0.14,0.29,0.87,-1.46,0.14,0.78,0
2.66,9.45,1.33,-1.41,9.25,4.9,0.03,9.88,-1.64,0.07,9.92,0.5,0.14,0.29,0.87,-1.48,-1.18,-4.69,0
2.35,9.45,1.96,-2.35,9.02,4.9,0.23,10.15,-1.01,0.39,10,0.66,0.15,0.25,0.9,-4.29,3.21,-8.31,0
3.17,9.33,3.92,-2.31,9.33,4.98,0.11,9.88,-1.37,0.66,9.88,0.78,0.16,0.2,0.88,-12.67,7.89,-20.33,0
7.29,9.1,0.11,0.58,10.86,5.53,1.29,9.37,-2.94,2.74,10.98,2.54,0.2,0.35,0.89,-6.82,-9.27,10.48,5
9.88,6.98,-4.82,0.5,10.12,4.27,1.84,9.06,0.82,0.94,8.66,0.15,0.07,0.3,0.79,12.22,-33.72,101.73,5
10.08,10.47,-8.15,-1.05,13.21,0.54,16,17.41,0.39,-9.1,14.31,15.65,0.42,0.16,1.45,93.84,4.12,92.82,5
9.49,15.61,-14.55,-14.74,13.69,-10.82,6.78,10.23,-18.2,-1.92,9.49,2.9,0.42,0.5,1.4,27.8,-89.27,248.72,5
8.94,13.72,-8.66,-14.23,6.04,-2.78,3.49,9.49,-15.25,-6.08,7.49,-7.6,0.55,0.02,0.8,69.57,-117.06,248.72,5
10.86,5.68,-9.25,-11.21,8.43,3.21,-4.31,10.74,-11.49,-2.74,9.02,-1.76,0.23,0.53,0.81,36.38,-50.5,248.72,5
14.23,0.94,-4.51,-14.59,6.82,0.23,-6.94,10.15,-1.84,-5.8,10.19,0.54,0.4,0.06,0.82,35.89,-40.54,248.72,5
10,-1.88,-8.55,-8.31,-8.27,-7.84,2.62,9.84,0.74,7.96,10.55,-2.78,0.27,0.48,0.87,-4.96,-56.61,162.3,5
12.9,4.86,-6.82,-11.37,-4.04,-4.55,0.74,9.33,0.62,-5.29,6.51,0.43,0.17,0.45,0.74,-1.59,-34.73,127.51,5
15.92,-9.33,-4.9,-2.78,-3.92,7.41,-3.72,10.98,-1.68,0.54,14.39,6.08,0.31,0.35,0.66,-19.45,-6.46,20.05,5
10.63,1.25,0.74,-9.68,-2.66,3.37,1.21,9.96,2.19,0.66,10.63,1.64,0.3,0.16,0.93,0.7,12.92,-12.4,5
9.33,1.96,-3.05,-6.82,1.09,4.39,0.9,9.92,0.11,0.94,8.23,1.37,0.19,0.18,0.96,0.49,6.82,-16.85,5
8.94,5.02,-2.51,-9.49,4.66,4.04,-1.17,10.04,0.35,0.82,10.27,-1.01,0.16,0.13,0.91,-8.78,8.61,-20.2,5
9.37,6.23,-2.27,-5.45,7.6,5.57,0.43,9.8,-1.01,0.82,9.76,0.19,0.13,0.22,0.9,-7.23,6.91,-1.43,0
8.08,6.86,-2.15,-4.55,10.31,3.92,0.9,9.92,-1.33,0.03,9.57,0.43,0.15,0.24,0.91,-4.43,0.77,0.3,0
7.29,7.45,-2.11,-2.15,9.8,4.04,0.11,9.92,-1.33,0.27,9.96,0.19,0.11,0.27,0.89,-1.15,0.57,1.87,0
7.06,7.49,-1.64,-1.64,9.61,3.49,0.74,9.8,-2.07,0.43,9.96,0.03,0.12,0.26,0.88,0.64,0.5,3.89,0
5.68,7.45,0.98,-1.76,9.92,2.9,0.74,9.88,-1.76,0.47,9.76,0.86,0.17,0.24,0.91,-9.68,2.95,-6.23,0
6,8.23,-1.09,-1.37,9.84,3.13,0.11,9.64,-2.07,0.5,10.04,0.47,0.14,0.28,0.9,-15.2,0.99,0.41,0
6.74,8.15,-2.03,0.47,8.94,3.8,0.07,9.68,-2.35,1.41,10.19,1.49,0.08,0.39,0.78,-12.29,-6.92,15,0
6.23,8.47,-2.31,0.03,9.37,5.06,0.7,9.57,-2.54,2.43,9.88,1.64,0.01,0.46,0.8,2.52,2.49,-1.89,0
5.57,8.19,-1.88,0.11,9.29,4.19,0.35,9.57,-2.39,2.27,9.88,0.86,0.06,0.42,0.87,7.81,-2.56,0.53,0
5.92,9.29,0.54,0.27,9.61,3.02,0.03,9.8,-1.92,0.5,9.88,0.19,0.13,0.34,0.86,11.84,-11.43,0.92,0
4.82,8.94,0.07,-1.01,10.15,2.39,-1.09,10.19,-1.76,0.03,9.84,0.23,0.2,0.28,0.91,8.34,-9.65,-3.81,0
4.74,8.39,0.19,0.58,9.76,2.15,0.15,9.96,-1.52,0.43,9.61,0.23,0.24,0.2,0.87,8.62,-5.92,-8.12,0
5.06,8.78,0.07,0.62,10.23,1.6,0.03,9.88,-1.17,0.07,9.96,0.19,0.23,0.2,0.88,3.68,-3.6,-8.57,0
5.09,8.55,0.03,0.78,10.27,2.27,0.7,9.8,-1.33,0.43,9.96,0.43,0.23,0.23,0.88,3.18,1.47,4.07,0
5.06,8.59,0.19,0,9.8,1.68,0.5,9.92,-1.01,0.07,9.02,0,0.21,0.23,0.87,3.75,-1.3,8.9,0
4.66,9.17,0.03,0.11,10.39,1.68,0.54,9.76,-1.49,0.5,10.19,0.47,0.23,0.23,0.88,1.62,1.91,2.85,0
4.98,8.82,0.23,0.23,10.04,1.41,0.54,9.76,-1.41,0.07,9.49,0.03,0.2,0.21,0.89,-1.47,0.42,3.41,0
5.02,8.74,0.03,0.66,10.08,1.8,0.47,9.61,-1.6,0.23,9.92,0.35,0.18,0.23,0.89,1.7,3.56,0.73,0
4.58,8.94,0.15,-1.05,10.12,2.51,0.7,9.76,-1.64,0.39,9.84,0.19,0.19,0.22,0.89,0.82,3.98,-5.25,0
4.51,8.94,0.66,-1.52,9.72,2.82,0.5,10.08,-1.45,0.27,9.8,0,0.17,0.19,0.89,-2.86,6.85,-3.03,0
4.31,9.29,0.94,-1.84,9.57,2.82,0.54,9.84,-1.64,0.31,10.04,0.66,0.13,0.24,0.91,-2.84,9.58,-9.72,0
4.23,8.78,0.9,-1.76,9.33,3.72,0.19,9.72,-1.72,0.62,9.96,0,0.11,0.23,0.91,-2.13,2.39,-6.99,0
3.8,9.33,1.17,-1.56,9.88,4.19,0.31,9.84,-1.88,0.5,9.76,0.03,0.12,0.25,0.91,-1.7,0.62,-3.98,0
3.53,9.25,1.09,-1.56,9.21,4.07,0.47,9.72,-2.19,0.23,9.88,0.15,0.12,0.24,0.89,0.42,3.05,-1.19,0
3.53,9.49,1.25,-1.8,9.41,4,0.23,9.57,-1.96,0.19,9.76,0.07,0.13,0.23,0.88,1.4,0.23,0.01,0
3.02,9.57,1.21,-1.64,9.57,4.23,0.27,9.72,-2.03,0.39,9.84,0.03,0.12,0.25,0.91,0.45,0.17,2.91,0
2.7,9.45,1.49,-1.45,9.45,4.23,0.27,9.68,-2.11,0.35,9.8,0.03,0.11,0.23,0.89,0.6,-1.54,2.84,0
2.62,9.53,1.37,-1.72,9.41,4.11,0.19,9.72,-2.19,0.27,9.92,0.07,0.12,0.25,0.89,0.78,-1.9,4.73,0
2.74,9.49,1.41,-1.72,9.45,4.07,0.27,9.76,-2.11,0.35,9.84,0.11,0.12,0.25,0.88,0.72,-1.52,2.64,0
2.58,9.49,1.45,-1.68,9.53,4.19,0.39,9.76,-2.07,0.35,9.92,0.07,0.13,0.24,0.9,0.07,0.82,0.17,0
2.7,9.41,1.52,-1.6,9.64,4.04,0.31,9.61,-2.27,0.31,9.92,0.07,0.14,0.23,0.89,0.47,0.78,0.54,0
2.98,9.64,1.37,-1.52,9.45,3.88,0.19,9.68,-2.27,0.23,9.88,0.11,0.13,0.24,0.89,0.95,0.98,1.16,0
5.72,10.39,2.07,0.07,10.47,7.6,0.03,9.45,-2.27,0.47,10.66,1.45,0.16,0.3,0.88,3.68,-12.78,11.2,1
14.08,12,0.39,-7.29,10.7,11.72,1.01,10.08,-2.03,0.5,10.08,1.68,0.11,0.37,0.82,13.47,-9.72,24.53,1
6.82,2.43,-1.92,-10.39,1.72,0.54,-2.35,10.27,1.64,0.23,9.21,2.62,0.19,0.13,0.94,14.89,-4,6.31,1
-3.8,-6.66,-4.94,3.53,-6.08,-5.09,1.13,6.9,-1.6,-1.21,9.76,2.94,0.15,0.03,0.87,19.61,9.14,0.26,1
3.37,4.23,-2.86,-2.31,1.68,-1.88,-2.62,6.51,-4.58,0.43,7.8,4.9,0.12,0.01,0.73,13.93,-1.75,27.3,1
20.04,-1.01,6.59,-20.08,-7.41,17.45,-1.64,7.88,2.51,0.15,9.06,0.31,0.25,0.01,1.06,-82.57,-83.59,-43.39,1
-4.98,-7.06,0,6.98,-3.84,-9.57,0.9,4.07,-3.21,-2.82,9.49,2.78,0.14,0.17,0.89,-19.74,3.88,-17.27,1
13.41,4.9,-2.74,-6.43,6.86,-2.07,2.07,9.1,-6.51,-1.09,9.17,1.33,0.06,0.13,0.77,23.66,8.62,50.08,1
20.04,-3.56,-1.56,-20.08,-5.76,14.31,6.47,10.9,7.76,1.68,8.66,3.09,0.1,0.02,0.8,-14.06,-17.94,-62.87,1
-2.78,-4.47,-2.94,6.47,-5.21,-7.92,0.74,9.17,-1.72,0.66,9.76,1.64,0.04,0.07,0.97,8.73,-8.04,-47.1,1
-1.37,0.86,-1.45,3.02,2.74,-3.76,-2.23,5.6,-5.06,0.78,8.78,3.09,0.1,0.12,0.71,11.95,-13.04,42.43,1
20.04,0.5,2.62,-20.08,0.7,20.04,0.47,10.08,10.78,-2.43,9.06,3.53,0.43,0.45,0.75,-84.89,-32.66,-42.94,1
1.09,-4.31,-3.37,1.6,-2.66,-5.88,2.11,4.43,-1.33,-4.51,9.41,1.72,0.01,0.01,0.9,3.39,0.79,-7.07,1
-1.92,-4.51,-3.76,7.92,-2.07,-6.11,0.58,7.76,-2.94,-1.84,10.04,3.6,0.12,0.08,0.82,16.37,-4.04,22.18,1
16,4.98,-1.92,-7.53,5.02,14.35,1.92,12.74,4.55,0.82,9.57,1.76,0.07,0.06,0.85,-20.19,-34.1,-48.86,1
6.27,2.82,0.78,-9.17,3.88,2.86,2.19,8.23,0.23,-4.39,9.45,1.88,0.13,0.13,0.87,-7.92,-1.11,16.3,1
9.64,7.76,0.11,-9.45,7.96,1.84,-2.15,10.66,1.45,-1.49,9.92,0.07,0.27,0.03,0.87,-18.96,1.24,-25.08,1
4.82,9.61,1.49,-5.68,10.98,4.58,1.45,9.49,2.47,-1.37,9.72,0.23,0.24,0.06,0.87,-25.69,13.71,-14.24,1
3.96,9.72,1.33,-1.21,8.94,4.43,0.7,11.41,0.07,-1.41,9.29,0.62,0.22,0.2,0.81,-31.8,11.72,-23.46,0
2.43,10,1.68,0.19,9.76,4.27,0.5,9.37,-1.92,1.8,10.23,0.58,0.14,0.23,0.9,-14.09,14.26,0.05,0
3.21,9.64,1.29,0.35,9.29,4.39,0,9.64,-2.47,0.5,9.84,0.11,0.09,0.27,0.87,-12.81,9.34,1.36,0
3.25,9.13,1.25,-1.01,8.86,4.51,0.07,10,-2.11,0,9.64,0,0.07,0.29,0.92,0.74,13.53,16.41,0
3.13,9.61,1.52,-1.64,9.41,4.82,0.07,9.53,-2.66,0.31,9.84,0.5,0.06,0.25,0.9,3.74,2.48,2.85,0
3.13,9.1,1.49,-1.29,9.1,5.02,0.15,9.57,-2.31,0.5,9.76,0.39,0.03,0.25,0.89,3.52,0.33,-1.68,0
3.56,8.98,1.68,-1.52,9.33,4.86,0.03,9.68,-2.43,0.11,9.92,0.07,0.07,0.22,0.89,2.27,-1.11,1.43,0
3.64,9.1,1.68,-1.6,9.1,4.58,0.03,9.72,-2.35,0,9.8,0.11,0.07,0.21,0.91,0.42,-2.68,0.8,0
3.68,9.21,1.17,-1.6,9.37,4.7,0.07,9.64,-2.39,0.07,9.8,0.27,0.07,0.22,0.91,-2.83,-3.58,-1.56,0
3.29,9.25,1.56,-1.49,9.33,4.82,0.11,9.61,-2.31,0.11,9.88,0.03,0.1,0.23,0.9,-1.11,0.31,1.19,0
3.41,9.33,1.33,-1.33,9.25,4.58,0.03,9.68,-2.54,0.15,9.84,0,0.08,0.23,0.9,0.37,-1.8,1.88,0
3.72,9.33,1.33,-1.49,9.17,4.58,0.03,9.61,-2.62,0.11,9.96,0.07,0.08,0.23,0.9,0.11,-2.72,0.6,0
4,9.21,1.37,-1.52,9.33,4.82,0.03,9.64,-2.47,0,9.76,0.07,0.1,0.24,0.9,0.55,0.74,0.66,0
3.96,8.94,1.29,-1.45,9.25,4.9,0.11,9.64,-2.54,0.07,9.76,0.03,0.09,0.24,0.89,0.64,0.1,0.77,0
4.15,8.86,1.01,-1.49,9.25,4.66,0.03,9.61,-2.47,0,9.76,0.03,0.09,0.24,0.89,0.96,0.37,0.44,0
4.19,8.74,1.05,-1.49,9.33,4.55,0.03,9.61,-2.43,0,9.92,0.03,0.08,0.23,0.9,1.58,0.04,0.47,0
3.88,9.17,1.52,-1.64,9.29,4.7,0,9.8,-2.43,0.03,9.84,0.03,0.09,0.22,0.9,1.57,0.04,0.25,0
4.19,9.25,1.33,-1.52,9.29,4.15,0.03,9.84,-2.15,0,9.8,0.11,0.09,0.24,0.91,0.6,-1.54,-1.57,0
6.39,9.61,0.35,-1.56,9.64,4.82,0.39,10.55,-1.33,0.03,9.64,0.31,0.13,0.24,0.92,-6.34,-3.97,-12.47,0
5.53,6.62,0.5,-2.27,8.23,3.92,-1.13,4.47,-4.11,0.03,10.12,0.23,0.18,0.09,0.78,-11.88,-10.54,-24.39,0
4.27,6.27,1.88,0.03,8.62,5.41,-8.39,9.21,0.07,1.92,10.51,3.88,0.17,0.06,0.62,6.65,21.67,-13.78,9
15.96,9.33,2.62,2.98,16.55,14.2,0,9.13,0.35,6.15,7.53,-1.52,0.05,0.64,0.59,27.03,-3.85,37.63,9
16.43,7.96,0.03,2.35,10.55,8.94,2.11,9.96,0.78,0.15,8.9,2.54,0.07,0.39,0.77,26.02,15.05,5.14,9
1.68,0.58,-2.74,-2.98,-3.17,0.03,0.03,12.08,-4.31,2.35,14.74,0.35,0.13,0.45,1.23,6.08,23.29,-13.04,9
-2.47,0.66,3.21,-7.76,0.43,1.17,2.78,10.82,-1.33,1.37,8.23,3.53,0,0.02,0.84,-14.65,-50.46,-3.97,9
1.52,9.21,12.08,-15.18,12.16,7.13,-2.86,9.41,0.47,-1.25,10.55,3.13,0.13,0.16,0.89,-5.22,0.74,-6,9
11.8,9.45,10.43,-3.6,12.39,7.17,-1.09,10.66,0.66,-1.21,10,2.62,0.04,0.29,0.84,-8.47,-4.44,17.35,9
13.41,7.29,7.17,-3.41,11.53,12.67,1.56,9.45,0.66,5.8,9.8,1.41,0.07,0.21,0.73,27.6,26,11.59,9
5.84,2.03,1.25,0.98,1.41,1.56,0.7,9.45,-2.39,0.27,8.59,3.45,0.02,0.35,0.86,15.84,7.98,-3.48,9
-3.09,-2.23,0.66,-2,-6.55,0.35,0.94,11.06,-1.6,4.19,14.12,1.25,0.23,0.16,1.08,0.06,-9.26,-15.14,9
-2.47,6.19,6.78,-12.63,5.06,0.5,0.15,9.49,-1.64,-1.52,10.23,0.78,0.14,0.25,0.9,-4.5,-19.37,-24.17,9
7.64,10.23,11.84,-10,11.53,5.06,-3.21,8.55,-1.49,0.07,10.23,0.43,0.29,0.02,0.91,4.65,-6.84,7.14,9
4.86,5.33,6.9,-4.58,8.35,4.07,3.84,9.84,0.35,-1.13,9.41,0.62,0.27,0.1,0.85,2.18,4.07,-40.72,9
2.86,6.98,10.86,-13.49,10.82,4.98,-3.76,9.84,0.66,0.82,9.84,1.49,0.33,0.03,0.84,5.04,-5.44,-8.56,9
0.9,4.66,11.88,-13.88,8.19,1.49,1.41,7.68,2.35,0.98,9.76,0.35,0.24,0.04,0.88,5.26,29.79,-5.81,9
0.31,-2.9,3.88,-3.92,-2.03,2.03,-3.41,11.37,-2.78,0.35,10.12,-2.19,0.04,0.24,1.06,3.47,8.42,0.55,9
3.29,-3.02,-1.88,4.43,0.31,3.64,0.62,9.53,-2.66,-2.62,8.35,3.56,0.02,0.22,0.8,-3.22,-23.91,33.77,9
13.8,3.64,6.47,1.72,8.74,14.9,0.66,10.55,0.03,7.53,12.16,4.11,0.03,0.28,0.9,6.94,-1.52,-7.86,9
8.08,5.21,10.51,-4.82,6.66,14.55,3.45,12.23,2.07,-5.09,7.21,2.62,0.17,0.12,0.81,3.27,-10.97,8.23,9
4.23,9.45,17.18,-4.15,11.21,19.77,0.39,10.27,0.07,1.92,9.02,2.07,0.23,0.02,0.82,11.14,16.23,8.66,9
0.86,6.08,6.31,-11.88,8.08,6.66,-1.84,5.84,0.94,0.15,9.84,1.72,0.22,0.01,0.92,19.33,36.55,-36.2,9
1.88,-5.02,-2.31,0.11,0.27,1.25,-4.31,12.35,-2.62,2.66,8.62,0.62,0.01,0.21,0.94,-11.31,-24.22,1.86,9
8.9,-4.66,0.58,8.23,0.9,8.15,0.27,10.23,1.84,0.31,8.94,2.98,0.03,0.36,0.81,-30.57,-5.49,-3.94,9
13.14,-1.17,6.78,1.09,-1.72,19.53,1.45,10.08,-2.15,4.82,10.86,1.8,0.13,0.28,0.99,7.13,9.62,-46.14,9
5.45,1.76,6.19,0.31,0.66,9.41,0.27,9.61,-2.51,0.35,9.92,0.54,0.04,0.26,0.88,6.02,15.15,47.53,9
7.33,3.56,3.84,0.7,2.35,10.12,0.66,9.72,-2.07,-1.33,9.8,0.35,0.16,0.22,0.89,3.4,-1.39,10.11,9
9.25,7.25,0.03,-4.19,7.64,3.05,0.58,9.8,-1.76,0.07,9.8,0.35,0.15,0.17,0.9,3.91,3.76,0.65,9
6.59,8.59,0.5,-4.9,9.8,4.27,0.03,9.92,-1.56,0.03,9.96,0.03,0.14,0.25,0.91,1,0.22,2.73,9
5.96,8.94,0.11,-4.55,10.23,3.53,0.27,9.49,-2.07,0.66,9.72,0.47,0.14,0.22,0.87,1.65,0.33,-6.49,0
4.9,9.21,0.23,-2.78,9.41,3.17,0.07,9.8,-1.8,0.07,9.84,0.23,0.14,0.22,0.9,0.86,2.33,2.11,0
3.84,9.33,0.35,-2.35,9.33,3.41,0.23,9.76,-1.68,0.35,9.72,0,0.13,0.22,0.91,2.07,2.18,-1.32,0
3.53,9.37,0.7,-2.51,9.33,3.45,0.31,9.92,-1.8,0.35,9.84,0.03,0.13,0.21,0.89,0.78,3.27,-2.79,0
3.72,9.37,0.66,-2.86,9.41,3.45,0.03,9.64,-2.15,0.19,9.92,0.15,0.13,0.2,0.9,0.18,2.85,0.83,0
3.8,9.25,0.62,-2.74,9.37,3.53,0.03,9.72,-2.03,0.35,9.8,0.03,0.14,0.21,0.88,0.11,-1.57,1.23,0
3.72,9.29,0.58,-2.54,9.29,3.68,0.07,9.84,-2.19,0.43,9.8,0.15,0.13,0.21,0.89,0.6,0.93,0,0
3.8,9.37,0.7,-2.51,9.37,3.56,0.03,9.76,-2.11,0.43,9.8,0.11,0.13,0.22,0.91,1.17,1.02,0.98,0
3.76,9.29,0.86,-2.51,9.37,3.6,0,9.76,-2.19,0.15,9.88,0.23,0.15,0.2,0.89,0.15,-2.48,0.82,0
3.45,9.37,1.05,-2.54,9.45,3.56,0,9.76,-2.07,0.31,9.88,0.23,0.13,0.21,0.91,0.08,-2.53,2.14,0
3.29,9.29,1.13,-2.54,9.45,3.64,0,9.68,-2.35,0.35,9.76,0.19,0.14,0.21,0.9,0.06,0.97,0.27,0
3.45,9.33,1.29,-2.27,9.37,3.72,0,9.8,-1.92,0.27,9.84,0.19,0.15,0.2,0.88,-1.5,0.5,0.54,0
3.41,9.33,1.13,-2.35,9.37,3.64,0.15,9.64,-2.39,0.47,9.72,0.07,0.14,0.21,0.9,0.28,0.18,2.12,0
3.41,9.37,1.05,-2.43,9.45,3.76,0.03,9.84,-2.47,0,9.92,0.11,0.13,0.23,0.9,0.4,-1.1,2.03,0
3.37,9.25,1.13,-2.39,9.37,3.88,0,9.68,-2.47,0.03,9.88,0.03,0.14,0.23,0.9,0.3,0.24,0.24,0
3.25,9.41,1.17,-2.35,9.41,3.68,0.03,9.76,-2.35,0.23,9.88,0.07,0.15,0.22,0.9,0.6,0.3,-1.65,0
3.56,9.17,1.49,-2.43,9.41,3.49,0.03,10.08,-1.96,0.58,9.88,0.27,0.18,0.17,0.89,0.21,-1.49,2.24,0
6.43,9.29,1.17,-2.35,9.45,3.37,0.5,9.13,-2.78,0.07,10.19,0.11,0.18,0.17,0.94,0.42,-4.97,18.23,0
7.57,8.27,0.11,-1.76,9.13,4.04,1.01,10.31,-1.13,4.15,8.9,1.6,0.15,0.29,0.92,-4.45,-38.54,66.41,2
10.43,5.25,-2.15,-1.45,8.86,4.86,1.64,9.88,-1.05,0.74,9.37,0.74,0.08,0.35,0.84,26.9,-18.36,56.24,2
13.72,1.33,0.9,-2.35,10.23,5.06,3.64,10.31,0.94,0.78,12.08,6.23,0.16,0.29,0.97,43.65,-5.83,83.57,2
8.59,-1.33,0.39,-4.66,9.49,3.37,3.25,10.98,3.05,0.86,9.61,1.01,0.17,0.13,0.88,20.86,9.99,96.36,2
-1.45,-6.27,0.19,-5.25,7.41,2.51,-2.19,11.14,-5.06,-3.05,9.8,1.09,0.13,0.1,0.87,20.08,-23.36,70.11,2
-2.98,-4.7,-2.03,-5.13,8.11,3.33,-5.57,5.64,-4.66,-2.51,9.02,3.68,0.19,0.04,0.84,3.62,2.72,54.45,2
20.04,-1.8,-2.35,-5.02,9.17,4.19,2.78,13.02,5.76,-5.25,11.8,-4.15,0.2,0.58,1.2,37.47,61.15,74.09,2
11.49,0.03,-1.29,-4.9,6.66,4.35,1.84,8.94,5.84,-5.45,9.37,1.52,0.13,0.04,0.77,-12.92,0.67,-59.28,2
-12.78,-5.96,-3.53,-5.41,8.47,3.45,-1.25,7.17,-2.31,-1.13,10.04,2.54,0.08,0.12,0.83,0.14,-1.01,-29.65,2
2.66,0.39,-2.27,-4.23,7.17,3.41,2.82,18.63,10.39,0.7,7.88,0.03,0.07,0.02,0.65,7.1,-4.53,8.65,2
19.8,0.43,0.78,-5.49,8.51,3.37,0.19,11.29,0.31,0.78,12.04,1.8,0,0.13,1.01,-11.91,-21.94,-100.17,2
14.35,0,-1.92,-3.37,9.96,2.62,-2.51,8.31,-3.92,-1.29,9.1,3.02,0.23,0.08,0.72,-33.6,0.4,-134.59,2
-4,-5.49,-5.6,-3.72,9.1,2.11,2.11,11.06,-1.8,-2.47,9.8,2.7,0.29,0.01,0.9,-1.52,15.63,-58.84,2
5.21,1.56,0.54,-2.78,10.04,2.54,2.31,8.86,-2.35,-1.8,9.57,0.47,0.26,0.07,0.92,-20.79,17.72,-95.36,2
10.9,6.11,-4.86,-2,10.19,4.58,-3.25,9.8,1.72,0.19,10.12,3.05,0.21,0.12,0.82,-39.11,8.59,-68.61,2
6.39,10.94,-2.66,0.66,9.21,4.19,0.47,10.31,1.37,8.27,10.27,-2.35,0,0.38,0.72,-11.9,22.51,-42.94,2
3.68,10.12,0.47,0.11,10.86,7.88,-2.51,10.7,0.62,1.13,12.47,1.21,0.13,0.42,1.04,-37.24,5.53,-92.26,2
4.94,9.1,2.39,-12.67,10.94,7.1,3.96,8.47,0.47,0.9,9.88,2.31,0.22,0.05,0.85,-30.97,37.92,-94.94,2
4.78,9.49,0.03,-6.59,3.05,2.58,-3.92,8.7,0.23,0.82,10.7,4.94,0.12,0.31,0.92,13.91,46.59,-66.74,2
6.66,6.43,-1.8,4.19,-3.45,0.15,2,9.33,0,1.13,11.61,0.58,0.07,0.38,0.83,-11.93,25.02,-32.6,2
5.57,7.41,0.7,2.07,-3.88,-2.47,1.84,9.76,0.43,2.47,6.43,2.07,0.06,0.29,0.78,3.16,12.51,-37.87,2
6.7,9.76,0.54,-20.08,8.35,6.82,5.09,10.74,-7.33,2.43,8.86,8.11,0.08,0.37,1.11,28.91,40.47,-69.49,2
8.59,6.55,0.11,-16.23,2.66,6.86,3.29,9.61,-3.05,0.78,9.06,8.78,0.07,0.28,0.94,4.33,18.05,7.05,2
6.78,5.84,0.7,5.6,-3.05,1.09,4.35,10.35,0.9,-2.62,7.29,3.17,0.02,0.24,0.79,-4.38,20.4,-9.2,2
7.57,6.55,-1.29,4.78,-4.78,0.62,1.49,9.25,-1.96,0.03,7.37,2.82,0.02,0.3,0.77,12.41,5.06,20.17,2
8.27,7.21,0.7,-20.08,0.27,12.78,2.27,9.61,-2.9,2.43,9.96,6.19,0.19,0.09,0.96,3.73,-38.88,64.82,2
7.88,8.19,0.23,-6.15,1.88,5.21,2.74,9.45,-3.45,0.43,8.23,1.84,0.06,0.15,0.93,9.1,-52.11,82.42,2
5.76,7.13,0.27,-5.76,5.06,3.05,2.03,9.57,0.23,1.37,12.39,0.43,0.06,0.29,0.83,25.45,-19.89,80.96,2
6.27,7.21,0.74,-10.66,9.92,4.74,0.58,9.84,-1.92,-2.74,9.72,3.37,0.16,0.23,0.81,7.75,-33.62,89.52,2
3.96,10.12,1.45,-7.33,8.23,2.54,-2.51,9.37,0.66,0.66,9.96,2.47,0.28,0.15,0.88,14.52,-16.85,68.68,2
2.98,8.35,2.54,-4.66,9.06,2.31,-8.19,10.47,2.66,-1.05,10.74,1.01,0.31,0.03,0.79,9.19,-10.35,52.25,0
4.15,9.8,1.96,-3.13,9.25,3.64,1.92,9.06,-2.07,-1.64,9.29,0.78,0.16,0.22,0.88,4.7,9.6,7.02,0
2.66,9.33,1.49,-2.07,9.8,4.31,0.27,9.68,-1.96,-1.29,10.23,0.74,0.16,0.19,0.89,1.23,6.54,-6.14,0
3.33,8.94,1.76,-2.31,9.45,3.96,-1.52,9.49,-2.51,0,9.8,0.58,0.17,0.19,0.92,-2.49,5.71,-2.04,0
3.53,9.1,1.64,-2.07,9.17,3.45,0.35,10.23,-1.21,0.15,9.49,0.74,0.16,0.21,0.91,-2.73,2.26,-3.65,0
3.68,9.25,1.64,-2.19,9.37,4.27,0.11,10.08,-1.13,0.7,9.76,0.5,0.15,0.19,0.89,-1.89,0.84,-2.23,0
3.88,9.06,1.56,-2.03,9.45,4.04,0.07,9.61,-2.39,0,9.8,0.19,0.14,0.21,0.91,2.11,0.76,0.85,0
3.72,9.1,1.6,-2.07,9.29,3.96,0,9.72,-1.8,0.03,9.72,0.43,0.15,0.21,0.89,1,1.21,-1.54,0
3.49,8.98,1.52,-2.11,9.21,4.19,0.15,9.68,-1.92,0.19,9.72,0.5,0.15,0.19,0.9,0.44,0.47,-2.05,0
3.76,9.1,1.64,-2.23,9.25,3.96,0.27,9.84,-1.72,0.19,9.68,0.43,0.15,0.19,0.89,0.44,1,-1.71,0
3.88,8.98,1.68,-2.15,9.37,4.04,0.27,9.96,-1.8,0.35,9.68,0.54,0.15,0.19,0.9,0.38,1.7,0.49,0
4.04,9.1,1.56,-2.11,9.41,4.07,0.23,9.88,-1.84,0.31,9.76,0.47,0.16,0.18,0.89,0.65,0.98,0.4,0
3.68,8.98,1.56,-2.07,9.41,3.96,0.27,9.68,-1.64,0.19,9.68,0.35,0.15,0.19,0.89,0.26,0.03,1.18,0
4.04,8.98,1.45,-2.23,9.33,4.04,0.23,9.61,-1.88,0.27,9.8,0.43,0.13,0.2,0.9,0.58,1.3,2.43,0
3.96,8.98,1.64,-2.23,9.33,4.11,0.11,9.88,-1.76,0.39,9.84,0.35,0.12,0.2,0.9,0.34,0.6,2.1,0
3.92,9.02,1.6,-2.23,9.41,4.23,0.11,9.68,-1.72,0.39,9.76,0.27,0.13,0.2,0.9,0.49,0.88,0.85,0
3.88,9.17,1.56,-2.11,9.41,4.23,0.15,9.57,-1.88,0.35,9.84,0.31,0.12,0.2,0.91,0.28,0.05,0.39,0
3.76,9.02,1.52,-2.11,9.29,4.19,0.07,9.8,-1.8,0.31,9.84,0.39,0.12,0.21,0.91,0.98,0.33,-1.47,0
3.96,9.02,1.64,-2.11,9.37,4.11,0.15,9.76,-1.8,0.35,9.76,0.54,0.13,0.2,0.9,0.33,0.36,0.8,0
3.92,9.06,1.52,-2.07,9.37,4.11,0.23,9.8,-1.64,0.27,9.8,0.07,0.13,0.2,0.9,1.04,0.14,1.37,0
4,8.98,1.45,-2,9.41,4.11,0.31,9.84,-1.76,0.31,9.68,0.23,0.13,0.2,0.9,0.15,0.09,0.4,0
3.8,8.98,1.56,-2,9.37,4.19,0.19,9.8,-1.8,0.27,9.8,0.19,0.13,0.2,0.9,0.47,0.36,0.45,0
3.92,9.13,1.41,-2.07,9.25,4.23,0.23,9.84,-1.68,0.23,9.76,0.19,0.14,0.2,0.89,-1.35,-1.8,-1.02,0
3.96,9.02,1.37,-2.03,9.41,4.11,0.27,9.8,-1.76,0.31,9.76,0.19,0.13,0.21,0.9,0.73,0.68,-1.11,0
4,8.86,1.33,-1.96,9.45,4.35,0.15,9.72,-1.8,0.39,9.84,0.23,0.13,0.21,0.91,0,0.59,-1.93,0
3.88,9.06,1.29,-1.92,9.37,4.15,0.11,9.84,-1.88,0.27,9.76,0.58,0.12,0.21,0.91,0.64,-1.54,0.1,0
3.92,9.02,1.33,-2,9.41,4.04,0.23,10,-1.88,0.19,9.84,0.23,0.13,0.2,0.89,0.36,0.89,1.49,0
4,9.17,1.41,-2.07,9.33,4.07,0.11,9.88,-1.88,0.35,9.76,0.11,0.14,0.21,0.89,0.48,0.65,1.17,0
4,8.94,1.25,-2.03,9.37,4.07,0.11,9.72,-1.8,0.27,9.72,0.19,0.12,0.21,0.91,0.94,0.47,0.39,0
4,8.94,1.41,-2.03,9.37,4.11,0.15,9.92,-1.8,0.27,9.8,0.15,0.13,0.2,0.9,0.3,0.37,-1.04,0
4,8.9,1.45,-2.03,9.29,3.76,0.15,9.68,-1.92,0.23,9.68,0.15,0.13,0.2,0.91,0.1,0.64,0.23,0
4.27,9.41,1.45,-2.15,9.25,4.39,0.11,9.61,-1.96,0.19,9.96,0.27,0.11,0.21,0.89,0.91,-2.48,0.39,0
9.64,9.53,0.9,-4.7,10.66,7.88,0.23,9.96,-1.72,0,10.51,0.62,0.15,0.22,0.88,6.3,-9.62,6.38,3
7.8,5.92,-2.86,-8.04,7.06,4.39,1.01,10,-1.37,1.76,8.11,0.78,0.15,0.26,0.87,2.47,-4.71,16.49,3
10.31,5.02,-1.25,-9.8,0.62,3.09,-1.68,11.37,0.31,0.62,9.29,2,0.21,0.08,0.82,-9.83,-24.18,-14.23,3
12.59,0.15,0.27,-10.43,-4.43,4.39,0.11,7.25,-3.09,-1.68,9.06,3.64,0.19,0.08,0.74,4.17,0.4,7.18,3
10.23,0.94,4.98,-5.09,-4.9,6.98,-2.19,7.25,0.78,0.58,10.43,6.98,0,0.23,0.95,1.5,-11.95,52.05,3
9.41,2.23,-1.09,0.23,-1.84,20.04,1.33,9.88,2.47,-2.23,7.33,0.98,0.05,0.22,0.8,-1.05,28.53,4.08,3
0.27,-4.35,9.45,-3.6,-6.82,-8.04,8.15,17.88,-3.29,0.58,9.29,5.06,0.27,0.02,1.8,-5.8,99.08,-178.13,3
4.74,-5.21,15.02,-7.49,-7.57,10.19,5.41,11.49,-2.35,-1.52,16.35,14.43,0.17,0.16,0.86,35.58,1.78,23.35,3
-4.23,2.7,-9.92,0.07,1.52,20.04,5.8,12.7,-4.58,0.23,7.33,-1.45,0.08,0.06,0.89,5.3,-10.39,-18.41,3
3.33,-2.78,14.55,-3.37,-1.88,-5.64,-3.68,10.63,-7.02,-2.7,14.23,5.06,0.12,0.23,0.84,-56.31,-41.11,-90.2,3
5.53,-9.8,9.96,7.21,-10.27,15.57,0.11,5.29,-1.88,-3.96,10.66,6.15,0.09,0.13,0.61,23.81,20.94,-12.27,3
6.98,2.74,-5.29,0.03,-1.96,20.04,-10.31,9.37,-5.53,-2.86,12.74,-9.8,0.05,0.35,1.25,6.92,-38.49,-20.62,3
4.23,-2.19,6.62,-5.41,-1.96,-4.27,0.94,9.37,0.62,2.27,8.11,4.51,0.05,0.13,0.84,-30.02,-1.82,-50.8,3
3.05,-5.29,15.25,3.21,-8.86,11.37,0.03,9.41,-4.27,0.15,9.76,1.21,0.12,0.18,1.13,7.31,9.47,93.19,3
5.02,0.74,5.33,0.66,-2.35,20.04,0.23,16.12,4.19,-5.33,10.55,12.74,0.25,0.23,0.99,10.69,2.85,5.5,3
-1.33,-7.02,-4.51,-2.62,-5.25,6.19,3.68,10.51,6.47,-4.15,5.53,-4.43,0.08,0.08,0.67,1.2,23.74,5.06,3
8.82,-1.05,18.04,-1.25,0.98,4.55,1.05,16.39,-4.43,6.19,7.53,-1.76,0.24,0.25,1.42,-28.79,-29.76,-13.06,3
4.31,-6.27,6.94,-3.45,-2.98,18.71,0.03,7.68,0.78,0.5,10.04,9.88,0.29,0.16,0.59,23.73,-11.09,0.01,3
-2.15,-7.33,-5.13,-3.96,-5.41,12.43,9.06,9.25,-5.09,0.19,4.11,-3.96,0.06,0.09,0.74,5.9,-3.32,-14.27,3
3.53,-2.82,10.31,0.5,-5.21,-4.62,0.43,8.04,-2.07,-2.51,19.06,13.72,0.08,0.13,0.86,-22.92,-3.8,-43.49,3
4.47,-4.98,11.29,-1.88,-6.43,7.17,-1.33,4.94,-4.15,-3.13,9.25,6.55,0.08,0.21,0.8,22.93,41.14,49.19,3
5.88,0.15,0.86,0.58,-1.92,19.92,-5.02,7.72,0.86,-4.43,15.61,-6.59,0.11,0.47,1.32,5.1,-27.39,-11.76,3
-2.9,-7.41,2.62,-5.64,-4.66,3.33,2.27,12.35,2.58,-1.13,10.15,3.49,0.05,0.23,0.87,-5.83,13.34,-11.54,3
3.53,-3.17,8.43,0.62,-4,6.35,0.94,9.76,0.11,-5.33,12.31,3.68,0.11,0.19,0.92,0.92,-8.37,10.08,3
5.57,-1.84,5.84,-7.17,-6.11,7.37,0.07,10.27,0.35,-3.45,9.45,0.39,0.11,0.17,0.9,1.46,-5.28,6.27,3
8.78,0.78,3.8,-6.47,-2.78,5.25,0.98,9.8,0.11,-1.25,9.88,1.64,0.14,0.13,0.93,3.33,-1.16,2.33,3
10.27,4.82,1.05,-8.04,3.53,3.96,1.17,9.17,0.47,-1.76,9.64,0.19,0.16,0.16,0.9,-5.86,4.15,-12.8,3
8.98,8,1.01,-8.11,9.21,3.49,0.62,10,0.82,0.86,9.57,0.94,0.14,0.19,0.91,-8.12,4.39,-7.74,3
6.43,9.33,0.27,-4.43,9.72,3.53,0.07,9.96,-1.17,0.31,10,0.47,0.12,0.29,0.89,-15.08,0.98,-12.62,3
4.74,9.17,0.39,-1.01,9.17,5.92,1.05,9.49,-2.86,1.17,10.08,1.33,0.1,0.44,0.77,-15.69,-19.51,22.21,0
3.56,9.64,0.27,-2.35,8.62,5.37,1.56,10.08,-3.02,0.74,9.49,2.58,0.09,0.48,0.8,-1.9,5.75,0.67,0
3.13,9.61,0.03,-2.15,8.66,3.6,0.47,9.72,-2.58,0.19,9.76,0.5,0.12,0.37,0.89,4.2,11.35,-8.27,0
3.41,9.64,0.74,-1.37,9.29,4.39,0,9.92,-2.07,1.05,10.12,0,0.14,0.31,0.89,8.04,0.68,0.33,0
2.51,9.45,1.33,-1.01,9.53,4.55,0.39,9.76,-2.15,0.19,10,0.03,0.12,0.29,0.86,10.09,-5.46,5.08,0
3.02,9.45,1.68,-2.07,9.41,4.19,0.54,9.84,-2,0.11,9.76,0.31,0.14,0.26,0.9,4.78,-6.32,2.78,0
2.82,9.33,1.52,-2.39,9.53,3.84,0.43,9.61,-2.15,0.43,9.88,0.07,0.15,0.23,0.9,1.88,0.37,-6.4,0
2.74,9.37,1.49,-2.07,9.57,3.64,0.31,9.72,-2.39,0.31,9.68,0.27,0.15,0.24,0.89,0.63,1.9,-7.41,0
2.86,9.45,1.56,-1.8,9.57,3.72,0.15,9.61,-2.27,0.39,9.76,0.23,0.14,0.25,0.9,0.39,2.4,-5.4,0
3.02,9.49,1.37,-1.92,9.53,3.84,0.15,9.72,-2.39,0.35,9.72,0.27,0.15,0.26,0.89,0.71,1.79,-4.81,0
2.98,9.41,1.52,-2.11,9.37,3.76,0.03,9.64,-2.23,0.11,9.88,0.11,0.14,0.25,0.89,0.41,0.67,0.72,0
2.78,9.41,1.6,-2.11,9.49,3.72,0.19,9.88,-2.43,0.39,9.68,0.27,0.14,0.25,0.88,0.36,0.79,2.57,0
2.74,9.41,1.6,-2.15,9.49,3.84,0.07,9.72,-2.43,0.23,9.72,0.11,0.14,0.26,0.88,0.24,-1.79,3.14,0
2.9,9.33,1.6,-2.23,9.41,3.84,0.07,9.68,-2.43,0.23,9.72,0.15,0.14,0.26,0.89,0.68,-1.63,2.34,0
2.94,9.37,1.68,-2.07,9.45,3.88,0.03,9.64,-2.31,0.19,9.72,0.27,0.14,0.27,0.89,0.21,-2.57,1.91,0
2.82,9.37,1.6,-2.11,9.41,3.92,0,9.68,-2.43,0.35,9.84,0,0.15,0.26,0.88,0.62,1.13,1.4,0
2.9,9.37,1.49,-2.07,9.37,3.76,0,9.72,-2.35,0.23,9.76,0.11,0.14,0.26,0.88,0.05,0.91,1.82,0
2.86,9.41,1.64,-2.07,9.49,3.8,0,9.72,-2.47,0.43,9.88,0.07,0.15,0.26,0.89,0.2,-1.16,2.86,0
2.82,9.41,1.6,-2.15,9.45,3.84,0,9.72,-2.35,0.39,9.84,0.03,0.15,0.26,0.89,0.49,0.59,1.91,0
3.09,9.49,1.92,-2.15,9.45,3.88,0,9.72,-2.15,0.27,9.8,0.03,0.15,0.26,0.89,0.51,0.76,1.02,0
3.09,9.06,2.19,-2.03,9.41,3.72,0,9.68,-2.39,0.15,9.84,0.11,0.17,0.24,0.88,1.24,-1.81,6,0
2.94,9.06,1.29,-2.07,9.33,3.68,0.07,9.64,-2.66,0.07,10,0.31,0.13,0.27,0.88,0.68,-1.83,8.69,0
3.8,9.29,1.6,-2.11,9.61,4.47,0.07,9.72,-2.54,0,9.76,0.19,0.13,0.28,0.89,0.17,0.72,5.43,0
7.72,9.17,3.92,-2.07,9.41,4.07,0.11,9.64,-2.54,0,9.72,0.27,0.15,0.26,0.9,0.24,2.55,0.32,7
10.12,7.57,3.64,-1.96,9.57,3.68,0.03,9.68,-2.54,0.03,9.84,0.15,0.15,0.2,0.87,0.53,2.97,3.65,7
10.7,0.07,2,-1.8,9.45,4.55,1.92,9.29,-3.21,3.96,8.04,3.56,0.12,0.23,0.94,5.81,-26.17,44.93,7
2.98,-5.29,0.86,0.98,8.78,4.86,1.33,9.76,-2.39,1.01,9.45,1.64,0.04,0.31,0.83,30.14,-17.62,69.08,7
-2.15,-5.72,2.66,-1.88,9.88,5.06,1.52,11.02,-2.39,0.7,11.33,2.74,0.15,0.31,0.98,20.73,-4.52,58.82,7
-3.25,-7.64,2.47,-3.25,8.43,3.76,4.74,8.62,-6.7,-3.92,9.8,1.33,0.3,0.11,0.86,5.18,1.08,53.86,7
-4.47,-6.78,-1.8,-3.88,8.47,2.78,0.86,10.51,-4.62,-1.8,9.21,-1.29,0.12,0.08,0.84,15.49,-39.59,110.95,7
5.88,1.01,-2.43,-3.64,8.23,3.6,-2.43,9.64,1.52,0.66,8.55,0.58,0.12,0.13,0.83,-10.96,-38.38,94.82,7
13.96,17.14,3.68,-1.56,9.64,4.58,-2.62,8.04,0.62,0.74,10.63,0.03,0.3,0.48,0.96,-20.92,7.6,77.79,7
4.98,11.17,1.88,-2.31,9.72,4.11,0.66,10.04,0.7,0.74,10.31,1.6,0.4,0.48,0.73,-4.74,1.34,-16.56,7
4.19,11.06,1.17,-2.07,9.72,3.33,2.47,9.72,0.27,-1.96,10.63,0.23,0.38,0.45,0.77,0.02,32.61,-45.91,7
5.8,8.35,0.94,-1.64,9.96,2.74,-2.98,9.25,-1.37,-7.57,9.25,0.86,0.14,0.35,0.9,-18.5,3.06,-91.51,7
4.31,8.23,1.84,-2.47,9.53,3.21,-2.98,10.35,0.98,0.78,7.37,3.02,0.18,0.22,0.84,-14.05,46.38,-81.69,7
4.31,8.94,0.54,-2.27,9.37,3.64,3.29,11.68,-4.35,-2.54,9.96,0.23,0.21,0.2,0.94,-10.24,48.99,-95.35,7
4.04,8.43,1.52,-2.11,8.98,3.56,2.07,11.65,5.09,-1.21,9.72,2.03,0.32,0.08,0.93,-3.96,22.21,-103.88,7
4.74,9.25,1.25,-1.21,10.51,4.66,4.55,9.68,0.58,-1.64,9.68,-1.29,0.11,0.39,0.81,-3.94,19.57,-29.18,7
4.7,9.84,0.03,-3.41,10.12,9.41,1.84,9.68,-1.25,4.07,10.39,1.21,0.07,0.42,0.88,-18.86,15.05,-58.34,7
4.58,8.94,1.45,-11.21,6.35,9.68,0.9,8.94,0.07,-2.78,9.84,1.76,0.2,0.23,0.84,3.6,8.6,-18.16,7
1.6,9.06,4.04,-2.54,-5.13,1.29,0.5,10.31,3.21,-3.33,10.04,1.72,0.07,0.2,0.97,-2.85,16.65,-63.38,7
3.09,7.49,4.31,3.56,-6.7,2.7,1.05,8.15,1.21,-1.45,9.25,0.62,0.12,0.06,0.94,-16.92,34.31,-73.41,7
3.53,9.1,3.29,6.31,-8.98,2.66,0.98,10.08,0.74,-1.25,11.06,3.09,0.09,0.15,0.94,-4.94,31.03,-72.66,7
4.15,7.92,0.15,5.21,-4,2.07,1.56,9.45,0.98,-7.06,11.29,0.35,0.13,0.4,0.91,-25.86,-15.86,-91.09,7
4.7,8.9,0.47,-10.51,7.84,-8.94,1.21,8.55,0.82,1.64,5.64,-5.17,0.26,0.19,0.65,-18.61,-59.16,-75.09,7
2.31,10.74,2.27,-20.08,20.04,14.47,6.51,19.45,-6.59,0.5,20.04,2.98,0.9,0.18,1.26,42.01,24.41,-209.48,7
4.15,8.47,2.11,-6.55,8.7,4.9,3.84,10.08,-2.47,1.17,10.15,6.55,0.51,0.36,0.62,-8.56,6.49,12.46,7
3.84,10.66,1.45,-3.33,9.13,5.29,2.19,8.35,-2.86,0.07,8.15,5.02,0.35,0.38,0.77,19,-9.41,94.32,7
4.35,9.37,0.39,-3.25,8.39,4.39,3.29,9.68,0.35,1.68,8.82,0.54,0.3,0.42,0.71,28.36,-7.62,62.5,7
4.86,8.35,0.62,-1.72,9.02,4.55,1.05,9.72,-1.13,-2.58,11.02,1.6,0.25,0.44,0.77,26.71,-10,70.09,0
5.06,8.39,1.13,-1.76,7.84,4.86,0.39,9.37,-1.88,-2.07,8.78,2.78,0.19,0.45,0.74,20.9,-20.52,68.2,0
3.6,9.84,2.7,-3.17,8.94,5.21,0.82,9.76,-1.37,0.9,10.7,2,0.23,0.26,0.88,31.94,-18.58,40.84,0
2.86,9.1,3.17,-4.43,9.13,4.82,3.53,9.8,1.45,0.11,10.59,0.54,0.31,0.18,0.91,22.07,-19.75,23.97,0
2.51,8.59,3.33,-4.35,8.9,4.27,1.01,8.78,0.94,-1.01,10.04,1.8,0.3,0.1,0.9,12.05,-14.87,18.54,0
3.13,8.66,2.9,-3.29,9.21,4.39,-2.07,9.13,0.47,-1.01,9.49,1.01,0.28,0.12,0.88,0.57,1.11,43.1,0
2.98,9.88,2.19,-3.6,8.47,5.02,0.19,10.94,-1.05,0.5,10.08,0.62,0.2,0.33,0.9,-4.27,17.51,11.28,0
3.25,8.94,1.33,-1.72,8.9,5.72,0.03,9.96,-2.11,0.47,10,0.39,0.15,0.3,0.91,-2.86,9.26,-15.49,0
4.7,9.25,2.11,-1.8,8.98,4.9,0.15,9.45,-2.58,0.15,9.88,0.15,0.16,0.29,0.86,1,8.82,-16.04,0
4.39,8.51,1.05,-2.03,8.94,5.02,0.03,9.61,-2.62,0.23,9.84,0,0.16,0.26,0.86,-1.32,10.19,-16.62,0
4.58,8.66,1.17,-2.15,8.98,4.62,0,9.45,-3.05,0.31,9.8,0.15,0.15,0.25,0.88,2.65,8.53,-2.41,0
3.25,9.06,0.98,-2.19,8.86,4.58,0.11,9.68,-2.62,0.54,9.8,0.15,0.08,0.24,0.9,3.29,0.85,-1.46,0
4.11,9.33,1.68,-2.15,9.06,5.13,0.07,9.61,-2.62,0.31,9.8,0.43,0.1,0.23,0.94,3.45,0.21,-6.97,0
3.13,9.02,1.8,-2.11,9.17,5.21,0.15,9.53,-2.54,0.35,9.92,0.15,0.13,0.22,0.89,1.53,-2.73,-2.2,0
3.49,9.21,1.6,-2.19,9.21,4.82,0.27,9.61,-2.58,0.5,9.68,0.15,0.12,0.2,0.89,0.63,-1.55,0.57,0
3.21,9.41,1.49,-2.03,9.17,4.58,0.07,9.64,-2.51,0.7,9.84,0.03,0.12,0.22,0.9,-1.06,0.08,0.02,0
3.17,9.33,1.37,-2.11,9.02,4.39,0.23,9.64,-2.23,0.54,9.72,0.07,0.13,0.23,0.9,0.86,-1.65,-2.14,0
3.09,9.45,1.52,-2.07,9.21,4.51,0.11,9.64,-2.54,0.62,9.76,0.03,0.15,0.22,0.89,0.14,-1.52,0.78,0
2.94,9.41,1.49,-2.07,9.37,4.51,0.03,9.72,-2.31,0.86,9.8,0.03,0.15,0.21,0.89,0.85,0.15,0.32,0
3.09,9.21,1.49,-2.27,9.37,4.47,0.07,9.64,-2.62,0.7,9.8,0.11,0.15,0.21,0.89,0.16,1.22,1.47,0
3.09,9.41,1.41,-2.07,9.33,4.55,0.15,9.57,-2.58,0.7,9.84,0.07,0.15,0.23,0.89,0,0.1,3.66,0
3.02,9.45,1.37,-2.07,9.17,4.62,0.11,9.61,-2.51,0.66,9.84,0.07,0.14,0.23,0.9,0.06,0.6,1.14,0
3.02,9.29,1.25,-2.23,9.21,4.55,0.11,9.57,-2.66,0.39,9.88,0,0.15,0.23,0.9,0.49,0.06,0.55,0
3.09,9.41,1.33,-2.07,9.21,4.55,0.11,9.61,-3.09,0.35,9.8,0.03,0.15,0.22,0.88,-1.07,0.34,-2.14,0
3.02,9.33,1.37,-1.92,9.21,4.58,0.19,9.61,-2.66,0.35,9.76,0.11,0.15,0.23,0.89,0.33,0.27,-1.75,0
3.09,9.33,1.49,-1.96,9.21,4.55,0.15,9.57,-2.54,0.58,9.76,0.03,0.15,0.23,0.89,0.32,0.04,0.24,0
3.05,9.33,1.33,-2,9.21,4.39,0.19,9.49,-2.62,0.5,9.92,0.07,0.15,0.23,0.9,0.61,-1.43,2.42,0
3.45,9.53,1.17,-1.72,9.13,4.51,0.07,9.57,-2.86,0.47,10.04,0.5,0.14,0.26,0.89,3.95,-5.78,3.19,0
2.94,9.57,1.29,-1.76,9.29,4.62,0.03,9.64,-2.35,0.98,9.84,0.03,0.17,0.26,0.89,7.53,-7.59,2.97,0
2.62,9.8,2.39,-2.47,9.68,4.51,0.15,10.23,-1.6,0.07,9.45,0.07,0.19,0.24,0.88,3.09,-15.88,4.98,0
5.8,10.55,5.09,-4.07,9.06,7.13,0.19,9.61,0.23,-1.6,9.29,0.39,0.32,0.1,0.85,-4.28,-9.52,-10.62,6
12.7,8.23,6.39,-11.1,8.55,12.7,1.29,8.47,0.9,-1.41,9.17,0.15,0.26,0.08,0.88,5.93,7.37,-13.99,6
2.66,1.56,2.62,-5.29,2.82,5.92,-2.7,9.37,1.09,-1.92,12.98,8.82,0.2,0.04,0.87,-2.48,24.96,-3.54,6
-4.04,-7.17,-2.82,10.78,-6.59,1.37,1.8,9.68,-6.15,-5.57,13.25,-2.27,0.12,0.22,1.24,4,39.63,-39.23,6
2.03,-3.8,-5.37,0.31,-2.15,-5.76,5.49,14.59,17.76,0.39,12.98,5.6,0.06,0.19,0.71,1.46,20.59,-27.39,6
-2.86,-8.66,-3.05,8.9,-8.55,-1.09,-1.25,8.62,-1.41,-1.72,10.39,3.68,0.04,0.1,0.69,-15.89,15.66,96.56,6
0.74,-6.78,-4,15.45,-7.92,-2.82,20.04,20.04,3.8,-4.62,17.88,2.19,0.18,0.21,1.32,-2.24,-11.6,8.78,6
0.35,-5.06,-1.41,5.45,-6.35,-1.25,5.09,9.21,6.19,-4.11,5.45,-2.15,0.05,0.13,0.59,-9.06,-2.33,-2.83,6
-9.17,-8.82,-6.7,18.98,-9.17,-5.21,-3.13,4.31,-6.9,-3.17,10.9,3.37,0.04,0.28,0.77,-9.27,-43.58,93.76,6
6.23,-6.08,-5.76,3.21,-3.68,0.11,10.55,20,11.61,-4.98,10.23,-4.66,0.05,0.41,1.16,-16.12,-23.31,27.78,6
-1.45,-6,-3.92,12.47,-5.37,-5.6,6.94,8.62,8.11,-1.09,9.8,2.58,0,0.14,0.47,8.45,12.64,19.05,6
2.07,-11.25,-5.09,-3.02,-9.68,0.03,-2.19,6.47,-3.92,-16.86,20.04,-2.62,0.02,0.01,0.86,-13.26,-3.65,94.94,6
-5.49,-6,-2.51,16.43,-8,-2.51,18.94,20.04,12.19,1.21,13.53,2.66,0.07,0.23,1.23,-9.85,-37.61,44.72,6
11.29,-5.06,0.7,-4.39,-7.13,1.13,6.86,10.27,9.72,-3.72,8.78,0.19,0.12,0.2,0.72,1.26,9.19,61.13,6
-4.7,-7.17,-2.7,16.23,-9.06,-1.88,-1.64,5.88,-7.13,-9.84,9.06,-3.6,0.09,0.24,0.9,-13.55,-46.85,83.59,6
12.63,-5.06,1.13,-2.31,-3.64,0.78,0.27,12.55,0.27,2.43,10.31,4.04,0.08,0.18,1.01,8.33,-1.98,39.57,6
3.09,-5.88,3.37,10.63,-5.96,7.21,4.66,9.61,-2.07,-1.92,10.19,3.6,0.01,0.1,0.77,4.22,3.53,-10.93,6
5.96,-1.96,0.86,-7.13,-2.19,6.23,2.31,9.88,0.19,0.54,9.06,1.92,0.06,0.14,0.95,-4.36,-12.52,-1.86,6
14.55,4.47,0.03,-11.88,4.27,4.86,1.25,9.68,-3.09,-4.39,9.61,0.9,0.23,0.15,0.94,-10.67,-35.81,-3.56,6
11.1,7.49,0.66,-7.13,7.6,5.72,0,9.45,0.66,-2.82,9.53,2.03,0.2,0.14,0.86,-6.17,6.65,-16.49,6
6.51,8.23,0.9,-4.7,8.7,4.94,0.82,9.53,0.07,-1.56,9.84,1.92,0.21,0.11,0.86,-5.4,6.55,-13.81,6
4.58,9.1,1.33,-2.66,9.02,4.9,0.66,11.06,0.58,1.45,10.12,0.58,0.12,0.34,0.93,-3.57,2.1,-36.98,0
4.31,9.57,1.05,-1.84,9.68,5.6,2.47,9.57,-1.25,1.37,10.19,1.88,0.19,0.28,0.85,-7.73,3.14,-15.02,0
3.76,9.49,1.17,-1.45,8.86,5.06,0,9.96,0.86,0.43,10.19,1.09,0.16,0.29,0.88,-2.89,5.63,0.05,0
3.41,9.17,1.68,-1.64,8.86,4.94,0.27,9.92,-1.09,0.54,10,0.86,0.14,0.27,0.9,0.44,1.49,5.21,0
3.49,9.37,2.15,-2.19,8.94,5.02,0.39,9.88,0.86,0,10,0.9,0.14,0.25,0.89,2.69,0.88,4.33,0
3.33,9.21,1.72,-2.07,9.1,5.21,0.03,10.04,0.86,0.43,9.84,0.5,0.14,0.26,0.9,4.21,-3.51,3.95,0
3.05,9.25,1.72,-1.8,9.21,5.13,0.15,9.88,0.7,0.47,9.8,0.7,0.15,0.26,0.87,2.78,-3.78,2.95,0
2.86,9.25,1.72,-1.49,9.29,5.13,0,9.88,0.58,0.54,9.92,0.86,0.17,0.24,0.87,0.11,0.25,0.92,0
3.02,9.25,1.8,-1.72,8.94,4.94,0.03,9.88,0.98,0.5,10,0.66,0.16,0.24,0.87,0.24,0.05,0.71,0
3.17,9.33,1.96,-1.88,9.06,5.02,0.03,9.96,0.74,0.31,10,0.7,0.15,0.24,0.89,0.22,0.17,-3.36,0
3.13,9.25,1.84,-1.68,9.13,5.06,0.03,9.84,0.94,0.35,9.96,0.66,0.18,0.24,0.89,0.4,0.14,0.25,0
3.13,9.13,1.92,-1.64,9.13,4.94,0.03,9.88,0.98,0.27,9.88,0.54,0.17,0.24,0.88,1.11,0.6,0.05,0
2.9,9.25,1.88,-1.56,9.13,4.98,0.03,9.88,0.98,0.39,9.92,0.58,0.17,0.24,0.88,0.64,-1,2.2,0
2.98,9.29,2,-1.76,9.1,4.94,0.03,9.92,0.98,0.15,9.72,0.5,0.16,0.23,0.89,0.28,-1.4,2.63,0
3.09,9.17,1.92,-1.72,9.17,5.02,0.19,9.92,-1.33,0.35,9.84,0.39,0.16,0.23,0.89,0.91,0.35,4.93,0
3.05,9.29,1.92,-1.88,9.02,5.02,0.27,9.84,-1.09,0.35,9.8,0.19,0.16,0.24,0.88,0.57,0.63,0.75,0
2.9,9.29,1.8,-1.76,9.13,4.98,0.03,9.84,0.98,0.31,9.96,0.43,0.15,0.23,0.88,0.51,0.09,0.52,0
3.68,9.45,1.84,-1.84,8.98,5.13,0.11,9.88,-1.21,0.15,10.15,0.94,0.15,0.23,0.9,2.04,-1.01,3.37,0
7.53,9.84,3.25,-1.84,10.12,11.02,0.15,10.04,-1.17,0.27,9.49,0.94,0.17,0.3,0.89,11.59,-2.14,18.53,8
9.61,7.68,3.33,-6.78,7.29,10.15,0.94,9.96,-1.8,1.21,9.92,0.66,0.13,0.33,0.91,4.1,5.79,9.86,8
5.8,3.25,3.6,-6.27,0.03,9.92,2.51,10.51,0.86,-1.68,8.74,-2.03,0.13,0.07,1.08,3.42,0.78,7.08,8
2.23,0.23,5.25,1.09,0.62,4.47,-3.96,12.9,6.66,-1.01,14.7,13.41,0.34,0.18,0.74,-2.69,-7.41,20.57,8
1.88,1.8,9.57,0.43,0.66,15.92,0.31,9.1,-3.13,0.07,8.9,-1.72,0.16,0.1,0.92,14.1,2.5,-3.41,8
2.19,-3.05,1.92,0.31,1.76,11.76,0.94,9.21,-1.52,-5.92,7.45,-1.76,0.14,0.25,0.87,-10.98,24.05,-62.63,8
-1.37,1.96,14.78,0.47,2.51,11.88,-2.51,4.23,-3.13,-4.19,7.06,9.33,0.04,0.06,0.59,1.88,40.76,19.69,8
-2.07,-4.66,-7.53,3.41,-2.94,18.78,-6.9,8.43,-5.88,-2.11,5.37,-6.94,0.32,0.39,1.16,-19.95,-23.15,6.29,8
5.25,-1.01,15.8,4.04,-2.15,4.43,-1.84,7.21,-5.57,0.27,5.96,0.58,0.01,0.15,0.83,-10.8,-14.94,-38.15,8
-1.68,1.49,12,2.35,-4.23,7.72,-1.13,7.6,0.62,-1.33,8.55,6.66,0.09,0.1,0.68,14.71,20.06,50.14,8
-3.76,-1.92,-5.84,4.66,-1.21,16.9,-14.86,7.6,-4.66,-4.19,16.27,-5.25,0.19,0.61,0.77,-8.63,2.85,-14.42,8
8.08,0.66,15.14,2.23,-1.72,5.17,4.43,10,7.41,-1.13,11.14,1.76,0.08,0.34,0.68,-7.33,0.37,-26.27,8
1.76,1.49,7.6,-5.53,-2.15,6.59,-3.25,7.33,-2.54,1.01,6.66,6.66,0,0.01,0.72,19.59,1.55,42.29,8
-5.53,2,0.9,4.86,-5.09,20.04,-5.64,6.35,-2.31,-9.21,13.96,-2.78,0.13,0.42,1.03,-22.86,-30.91,29.34,8
6.98,-1.17,12.86,0.31,0.31,9.45,0.62,8.27,3.21,0.7,8.39,2.19,0,0.23,0.76,-15.25,-16.75,-30.85,8
3.05,3.02,16.31,-4.74,0.54,8.04,-4,6.08,-3.45,0.35,7.6,3.68,0.05,0.06,0.73,26.76,31.1,47.11,8
-4.51,-1.45,-3.02,0.94,-1.49,16.63,13.37,16.78,7.96,-6.55,13.65,-2.11,0.16,0.4,1.21,-27.93,-28.82,14.91,8
5.41,-4.04,12.98,2.51,0.54,8.15,1.96,9.29,2.07,0.78,12.63,2.86,0.07,0.18,0.92,4.45,3.09,9.88,8
3.49,0.19,8.94,3.09,-2.94,7.76,0.39,9.02,-2.27,-6.23,9.37,0.74,0,0.12,0.82,-4.2,-21.85,8.66,8
3.05,0.39,3.92,0.82,-3.41,7.57,0.07,10.98,0.15,-1.21,9.37,1.56,0.06,0.11,0.95,1.64,-11.64,-2.71,8
5.41,1.29,7.25,-1.45,-2.7,9.37,0,10.35,0.78,-2.15,9.68,1.21,0.08,0.08,0.9,-2.74,-4.62,-2.76,8
8.82,4.78,7.13,-5.09,2.23,10.27,0.07,8.98,0.78,-1.76,9.33,1.05,0.13,0.08,0.86,-13.38,0.32,-27.02,8
6.11,7.33,2.23,-4.7,6.74,8.43,-1.21,10.47,-1.29,0.23,9.72,0.47,0.11,0.29,0.95,-6.41,-3.42,5.81,8
6.82,12.27,2.62,-2.78,10.27,7.84,1.13,9.29,-1.56,1.21,10.66,0.43,0.1,0.32,0.88,-12.3,10.42,-10.75,8
4.51,9.17,0.58,0.31,9.37,6.27,0.07,9.72,-2.35,0,10.08,0.19,0.11,0.34,0.91,0.75,5.34,-1.66,0
2.86,9.64,0.74,-1.6,9.53,4.7,0.03,9.72,-2.7,0.66,9.96,0.35,0.09,0.28,0.9,0.02,1.13,0.4,0
2.9,8.66,1.37,-1.88,8.51,4.39,0.39,9.29,-2.74,0.11,9.49,0.47,0.09,0.24,0.86,-3.3,-5.97,-5.88,0
2.03,9.92,1.72,-1.84,9.76,5.33,0.15,9.68,-2.03,0,10,0.19,0.14,0.24,0.89,0.08,-4.36,0.2,0
3.53,9.1,1.76,-1.92,9.33,4.82,0.19,9.68,-2.47,0.19,9.84,0.03,0.13,0.25,0.88,3.5,-3.56,1.01,0
3.29,9.57,1.84,-1.6,9.61,4.82,0.15,9.64,-2.31,0,9.76,0.07,0.1,0.29,0.89,2.26,1.39,-2.27,0
2.9,9.33,1.37,-1.37,9.25,5.06,0.07,9.76,-2.39,0.07,9.76,0.03,0.14,0.24,0.88,1.36,2.98,-1.95,0
2.62,9.06,1.29,-1.49,9.1,4.58,0.03,9.64,-2.43,0.03,9.8,0.15,0.13,0.23,0.9,0.46,0.85,0.27,0
3.17,9.21,1.6,-1.6,8.94,4.78,0.07,9.64,-2.51,0.03,9.84,0.03,0.11,0.27,0.88,-1.43,-2.91,1.95,0
2.86,9.57,2,-1.72,9.33,4.94,0.03,9.68,-2.39,0,9.76,0.43,0.12,0.24,0.89,0.91,-1.29,0.65,0
3.05,9.49,1.88,-1.6,9.17,4.98,0.23,9.61,-2.31,0.03,9.76,0.07,0.13,0.25,0.88,0.48,0.2,0.99,0
2.9,9.25,1.52,-1.56,9.21,4.78,0.19,9.68,-2.47,0,9.88,0.31,0.12,0.24,0.89,0.46,0.09,0.46,0
2.82,9.29,1.6,-1.49,9.17,4.78,0.15,9.64,-2.39,0,9.8,0.23,0.14,0.24,0.89,0.97,0.04,0.08,0
2.94,9.37,1.84,-1.56,9.21,4.86,0.15,9.68,-2.39,0,9.88,0.07,0.12,0.25,0.9,0.35,-1.47,1.82,0
3.05,9.33,1.72,-1.72,9.25,4.9,0.15,9.68,-2.47,0,9.8,0.15,0.12,0.25,0.89,1.04,0.04,1.27,0
2.94,9.29,1.68,-1.84,9.1,4.86,0.11,9.68,-2.39,0,9.88,0.23,0.14,0.24,0.88,0.21,1.07,-1.04,0
2.86,9.29,1.84,-1.56,9.21,4.7,0.23,9.68,-2.43,0,9.8,0.39,0.12,0.24,0.89,0.41,-1.29,0.92,0
3.05,9.41,1.72,-1.49,9.21,4.9,0.07,9.53,-2.23,0.11,10,0.03,0.12,0.27,0.88,0.13,-1.85,0.4,0
3.02,9.49,1.21,-1.25,9.17,5.09,0.58,9.84,-2.07,0.86,10.7,0.58,0.13,0.29,0.88,1.71,-5.41,1.36,0
2.47,9.25,1.41,-2.62,9.17,4.58,1.92,11.65,0.31,0.98,10.08,0.47,0.14,0.3,0.91,-17.08,-10.63,-2.89,0