d1,d2,d3,d4,d5,d6,d7,d8,d9,d10,d11,d12,d13,d14,d15,d16,d17,d18,target
-2.54,10,-4.78,0.27,9.64,4.94,0.23,10.98,-1.49,-4.94,9.53,1.96,0.54,0.82,0.08,174.15,-902.54,490.15,0
-1.8,8.86,-5.33,-1.6,9.92,3.05,0.07,10.23,-3.29,-2,9.61,3.02,0.67,0.7,0.21,178.1,-893.36,483.92,0
-2.07,8.94,-5.25,-1.64,9.84,2.58,0.07,10.04,-3.29,-2.03,9.57,3.09,0.66,0.72,0.21,178.52,-892.7,484.24,0
-2.03,9.02,-5.02,-1.49,9.72,2.78,0.11,10.15,-3.37,-2.07,9.64,3.02,0.66,0.72,0.22,178.46,-892.03,484.45,0
-1.76,8.94,-5.02,-1.37,9.64,3.02,0.07,10.15,-3.17,-1.96,9.64,3.09,0.65,0.72,0.24,178.47,-891.71,484.55,0
-2.03,9.02,-5.25,-1.52,9.76,3.05,0.07,10.23,-3.17,-2.07,9.57,3.17,0.65,0.73,0.23,178.88,-891.31,484.6,0
-2.19,8.9,-5.09,-1.56,9.72,2.94,0.03,10.23,-3.29,-2.15,9.53,2.94,0.64,0.71,0.22,178.91,-890.73,484.41,0
-2.03,9.02,-4.98,-1.76,9.72,2.9,0.11,10.19,-3.33,-1.96,9.61,3.21,0.65,0.73,0.25,178.9,-890.73,484.44,0
-2.03,9.02,-5.02,-1.49,9.8,3.17,0.19,10.23,-3.02,-2.15,9.64,3.25,0.64,0.73,0.25,178.78,-891.5,484.73,0
-1.96,8.9,-4.98,-1.64,9.53,2.9,0.19,10.19,-3.25,-2.15,9.61,2.78,0.64,0.72,0.23,178.96,-892.31,484.79,0
-1.92,9.06,-5.06,-1.6,9.8,2.82,0.19,10.23,-3.25,-2.23,9.64,2.74,0.64,0.73,0.22,179.14,-892.76,484.85,0
-1.96,9.1,-4.66,-1.52,9.8,3.21,0.07,10.19,-3.17,-2.07,9.57,2.86,0.64,0.73,0.22,178.89,-892.61,484.42,0
-2,9.13,-4.82,-1.64,10,3.05,0.03,10.31,-3.25,-2.11,9.61,2.9,0.66,0.72,0.22,179.51,-893.06,484.19,0
-2.51,8.78,-5.09,-1.72,9.64,2.66,0,10.27,-3.09,-2.03,9.64,2.82,0.66,0.72,0.22,180.22,-893.32,483.76,1
-2.51,8.74,-5.02,-1.88,9.72,2.82,0.07,10.43,-2.86,-1.96,9.29,2.35,0.67,0.72,0.22,180.3,-894.43,483.32,1
-3.41,7.96,-9.06,-6.23,9.96,4.51,0.15,10.74,0.27,-2.43,9.53,2.74,0.66,0.62,0.15,177.11,-894.77,481.55,1
-12.55,7.17,-11.06,-11.41,5.88,-5.02,0.7,11.29,0.23,-2.47,9.96,2.35,0.73,0.69,0.2,177.96,-893.56,482.53,1
6.51,0.94,2.9,4.35,-1.6,-4.7,0.23,7.53,0.86,-3.45,8.82,0.82,0.73,0.69,0.17,177.89,-894.57,483.27,1
-16.27,-3.8,-14.51,-19.65,6.9,3.72,6,20.04,6.27,-2.03,10.7,1.96,0.69,0.78,0.18,178.77,-894.77,484.58,1
-2.62,-2.23,1.64,0.62,-7.21,-6.43,3.8,10.66,0.54,-2.7,9.1,0.58,0.83,0.57,0.14,183.45,-896.05,484.64,1
4.47,-2.94,4.47,6.11,-3.09,-4.55,0.74,6.86,-1.56,-5.49,7.84,0.27,0.74,0.58,0.15,181.29,-897.26,485.5,1
-20.08,-14.31,-16.86,-20.08,2.94,-4.74,-5.45,13.72,10.63,-1.76,13.41,4.62,0.83,-1.18,0.41,182.39,-898.99,485.83,1
3.13,-2.78,4.23,1.49,-5.25,-1.92,2.39,7.33,0.35,-2.82,8.11,0.35,0.65,0.58,0.19,187.85,-899.35,486.61,1
-3.13,1.01,0.74,1.37,0.74,-2.54,9.06,15.21,1.92,-3.92,7.33,0.35,0.66,0.51,0.12,192.6,-904.65,488.32,1
-13.29,-8.19,-10.94,-20.08,-3.49,-4.27,0.43,15.14,0.47,-2.9,12.27,3.92,0.8,0.84,0.19,186.14,-896.84,484.54,1
6.08,-3.53,4.9,2.19,-5.72,-3.02,2.58,8.7,0.62,-2,9.64,-1.52,0.72,0.59,0.18,184,-896.6,484.71,1
-12.86,-3.29,-10.47,-16.31,1.64,-5.53,0.86,9.53,-2.62,-1.56,9.84,1.6,0.62,0.6,0.14,187.71,-900.38,485.82,1
-2.9,-3.21,2.51,-1.72,-7.64,-4.7,1.17,11.33,-1.76,-1.96,10.63,1.96,0.84,0.68,0.19,184.67,-893.05,483.34,1
4.39,-4.7,4.9,5.92,-4.82,-4.94,-1.92,6.59,0.23,-4.98,7.72,0.35,0.72,0.51,0.19,183.14,-892.79,482.58,1
-17.41,4.07,-6.51,-20.08,2.51,-3.6,-2,17.69,-2.23,-3.29,10.7,2.58,0.78,0.69,0.34,185.34,-890.98,482.9,1
-1.21,3.96,-4.35,-8.55,2,0.35,5.88,10.39,-1.45,-4.66,7.33,0.15,0.73,0.51,0.15,183.35,-891.4,483.52,1
-7.13,8.23,-4.11,-6.27,9.49,1.25,0.7,10.74,0.98,-1.37,10.94,2.03,0.63,0.72,0.25,183.69,-894.19,486.54,1
-5.68,10.63,-6.98,-3.92,11.57,2.82,0.54,10.78,-2.11,-4.11,9.21,3.84,0.64,0.78,0.23,184.61,-895.75,487.77,1
-2.23,8.94,-5.92,-1.88,9.57,3.76,0.66,10.94,-3.37,-3.49,9.72,2.86,0.69,0.73,0.2,181.14,-895.59,488.43,1
-2.74,9.49,-4.47,1.17,10.19,3.84,0.5,10.47,-2.19,-4,8.62,2.78,0.64,0.72,0.19,182.83,-896.9,488.83,1
-3.17,8.9,-3.64,-2.54,9.8,2.19,0.7,10.35,-2.31,-2.78,9.53,1.96,0.65,0.71,0.19,183.52,-897.23,488.44,1
-2.19,8,-5.33,-1.72,9.1,2,0.58,10.7,-2.43,-2.82,9.29,2.11,0.66,0.73,0.19,183.91,-897.78,488.65,1
-2.82,9.21,-3.64,-2.23,10.15,2.74,0.31,10.51,-2.47,-2.51,9.53,2.39,0.67,0.72,0.21,184.34,-897.72,488.51,0
-2.82,9.45,-3.88,-2.23,9.96,3.05,0.39,10.31,-2.51,-2.39,9.64,2.54,0.67,0.71,0.2,184.45,-898.06,488.52,0
-2.51,9.25,-4,-1.92,10,2.98,0.23,10.43,-2.43,-2.51,9.61,2.86,0.66,0.72,0.19,184.63,-898.34,488.56,0
-2.27,9.41,-3.68,-1.6,9.76,2.54,0.19,10.35,-2.19,-2.43,9.45,2.62,0.65,0.72,0.2,184.67,-898.05,488.62,0
-2.35,9.29,-3.76,-1.6,9.49,2.47,0.35,10.43,-2.7,-2.39,9.49,2.82,0.66,0.72,0.21,184.59,-897.63,488.67,0
-2.58,9.29,-4,-1.92,9.76,2.74,0.39,10.35,-2.66,-2.19,9.53,2.94,0.66,0.72,0.21,184.62,-897.43,488.75,0
-3.05,9.21,-4.07,-2.07,9.8,2.98,0.43,10.23,-2.86,-2.31,9.49,2.94,0.65,0.72,0.21,185.15,-897.65,488.87,0
-4.31,9.68,-5.21,-1.92,9.88,2.78,0.66,10.23,-2.86,-2.43,9.33,2.62,0.65,0.73,0.2,185.23,-898.25,488.99,2
-6.78,7.84,-5.13,-1.45,9.72,2.66,0.31,10.15,-2.82,-2.7,9.49,2.11,0.68,0.71,0.2,185.46,-900.46,489.41,2
-10.47,2.86,-10.04,0.7,9.41,3.88,1.09,10.66,-2.03,0.5,11.8,2.86,0.54,0.75,0.17,188.91,-906.82,490.35,2
-11.33,0.31,-6.51,-1.76,9.72,2.31,0.7,13.41,-2.11,2.23,10.19,2.7,0.79,0.7,0.18,198.59,-914.46,492.21,2
3.64,-1.45,0.78,-2.74,10.66,0.86,2.82,10.74,-1.68,-1.25,10.55,0.5,0.83,0.6,0.24,208.47,-923.42,493.59,2
4.66,0.23,0.27,-3.53,8.66,0.31,0.35,9.49,0.23,-2.86,8.9,0.47,0.77,0.59,0.21,214.14,-936.18,495.46,2
-12.74,20.04,0.58,-5.21,7.88,0.78,-1.13,6.47,0.11,-4.78,8.27,1.45,0.63,0.65,0.07,215.29,-942.6,494.17,2
-5.57,11.92,-12.08,-7.1,9.72,2.31,0.66,13.21,0.5,-3.21,9.49,0.19,0.81,0.73,0,198.68,-928.26,490.93,2
-3.84,4.43,-2.07,-6.19,4.94,-4.43,-1.88,9.76,-1.45,-3.02,8.78,0.47,0.78,0.58,0.02,186.94,-909.59,490.76,2
-5.21,9.02,-4.27,-11.25,0.43,-5.49,2.74,10.19,-1.6,0.27,10.55,0.03,0.78,0.48,0.1,174.16,-893.73,490.02,2
-2.82,8.35,-5.45,-3.68,0.19,-5.33,3.13,10.08,-1.96,-4.11,9.88,-1.84,0.73,0.73,0.15,161.33,-874.55,484.77,2
-6.15,7.25,-3.45,3.88,-2.15,0.74,3.96,10.98,-2.43,-5.02,8.98,0.98,0.63,0.75,0.23,146.91,-858.54,484.25,2
-4.27,6.98,-3.92,-1.13,5.06,-3.29,2.86,10.39,0.31,-5.41,6.43,3.09,0.52,0.65,0.12,132.14,-852.3,482.56,2
-14.9,8.74,-10.04,-20.08,20.04,3.13,3.41,8.86,-6.08,1.41,15.88,8.47,0.95,0.84,0.01,117.87,-857.07,476.95,2
-8.74,6.86,-4.07,-5.13,4.19,0.11,2.94,10.27,1.64,-4.47,10.59,-1.6,0.56,0.73,0.11,133.19,-872.98,479.75,2
-12.35,3.49,-4.19,-4.43,2.98,0.9,2.39,10.86,-1.64,-2.39,9.96,0.07,0.53,0.81,0.08,153.25,-889.68,478.49,2
-20.08,-1.37,-7.88,-13.61,5.6,0.74,3.8,10.82,0.94,-7.84,9.02,-2.43,0.54,0.82,0.18,168.89,-902.1,479.37,2
-1.52,0.07,0.19,-12.7,3.41,-3.88,0.43,10.98,-3.76,-1.49,9.76,-1.41,0.78,0.65,0.37,189.41,-920.14,484.15,2
6.43,0.11,0.43,-8.9,2.78,-2.11,-2.23,9.92,0.86,-3.76,8.66,0,0.75,0.68,0.26,199.71,-936.81,485.68,2
-20.08,17.8,0.27,-9.17,3.37,0.74,0.07,8.27,1.13,-6.35,7.6,1.29,0.63,0.58,0,202.58,-947.04,486.95,2
-12.94,6.74,-10.15,-10.7,4.58,0.86,-4.19,12.23,-1.29,-3.68,12.7,2.78,0.7,0.96,0.03,188.19,-942.75,482.94,2
-4.19,5.21,-3.02,-9.92,3.02,-2.66,0.62,8.9,-1.17,-4.07,9.06,0.35,0.82,0.55,0.02,175.2,-924.51,480.51,2
-5.13,7.49,-4.35,-8.82,1.17,-2.98,0.27,11.25,-2.15,-4,9.37,0.07,0.85,0.56,0.1,157.58,-910.02,480.24,2
-3.6,10.39,-6.35,-16.63,-4.27,-9.25,-2.19,11.8,1.17,-2.43,10.08,0.78,0.91,0.66,0.1,139.41,-887.1,478.8,2
-4.55,5.25,-3.6,-2.43,-3.76,-1.84,0.74,10.74,0.54,-5.49,8.62,-2.03,0.74,0.75,0.15,123.65,-873.82,474.84,2
-6.19,5.45,-5.06,0.43,-2.94,1.64,3.53,10.19,0.58,-4.15,9.1,1.17,0.6,0.66,0.09,110.97,-861.87,474.05,2
-4,5.02,-4.62,-2.58,7.06,-3.13,2.23,10.51,0.58,-6.7,4.55,2.7,0.54,0.59,0.02,104.22,-858.12,473.28,2
-7.6,8.98,-5.49,-20.08,13.61,-3.76,3.25,12.47,-2,-7.57,12.63,2.35,0.95,0.78,0.09,107.07,-871.47,473.67,2
-5.25,7.1,-3.96,-8.39,4.11,-2.51,1.37,10.51,-1.72,-3.84,9.45,1.76,0.63,0.68,0.06,122.73,-886.41,476.51,2
-3.92,9.49,-3.41,-2.78,3.25,-1.49,1.25,10.59,-1.49,-2.86,9.53,0.07,0.53,0.82,0.14,136.83,-899.63,478.87,2
-3.92,9.8,-2.35,-11.61,10.12,-1.64,-2.07,10.35,-2.7,0.07,10.82,0.58,0.58,0.72,0.22,142.24,-903.89,479.33,2
0.27,9.25,-3.6,-6.51,12.19,0.78,-4.7,10.59,-2.19,-2.58,8.66,1.52,0.7,0.69,0.2,145.17,-905.95,478.83,2
-2.82,9.02,-2.7,-3.25,10.12,1.96,1.33,10.31,-1.72,-1.64,9.72,1.64,0.73,0.68,0.23,147.77,-903.41,478.73,0
-2.82,9.45,-3.76,-2.62,10.35,2.23,0.5,10.59,-2.23,-2.58,9.92,2.31,0.7,0.7,0.17,146.9,-902.74,477.96,0
-3.53,9.17,-3.45,-1.01,10.19,2.43,0.39,10.51,-2.43,-2.27,9.88,2.23,0.7,0.7,0.18,144.1,-901.28,477.81,0
-3.09,9.33,-3.13,-1.41,9.06,2.11,0.35,10.55,-2.07,-2.47,9.57,2.11,0.67,0.71,0.19,142.83,-900.09,478.15,0
-2.82,9.53,-3.45,-2.15,10.12,2.43,0.27,10.82,-2.54,-2.51,9.53,2.23,0.67,0.72,0.18,141.91,-899.7,478.35,0
-2.9,9.21,-3.29,-2.27,10.04,2.54,0.35,10.43,-2.54,-2.47,9.41,2.43,0.68,0.72,0.16,142.02,-900.67,478.65,0
-2.98,9.37,-3.29,-2.19,9.88,2.43,0.23,10.43,-2.54,-2.51,9.57,2.47,0.67,0.73,0.14,143.18,-902.39,479.18,0
-2.86,9.53,-3.17,-1.84,9.8,2.43,0.27,10.47,-2.51,-2.58,9.37,2.35,0.66,0.74,0.16,143.99,-902.76,479.47,0
-2.66,9.49,-3.09,-1.37,9.61,2.78,0.15,10.43,-2.54,-2.51,9.61,2.39,0.67,0.72,0.17,143.93,-902.13,479.29,0
-2.66,9.33,-3.41,-1.84,9.84,2.47,0.23,10.47,-2.51,-2.43,9.49,2.51,0.68,0.72,0.15,143.39,-901.44,479,0
-2.74,9.33,-3.45,-2.11,9.92,2.39,0.5,10.43,-2.54,-2.43,9.45,2.58,0.68,0.73,0.16,143.16,-901.6,479.01,0
-2.78,9.25,-3.56,-1.8,9.92,2.58,0.23,10.55,-2.82,-2.43,9.57,2.54,0.68,0.72,0.13,143.47,-902.14,479.36,0
-2.54,9.41,-3.49,-1.68,9.68,2.51,0.27,10.43,-2.51,-2.47,9.49,2.51,0.67,0.73,0.16,143.6,-902.81,479.65,0
-2.47,9.45,-3.6,-1.84,9.76,2.62,0.39,10.43,-2.39,-2.43,9.45,2.62,0.67,0.72,0.14,143.53,-903.12,479.73,0
-2.51,9.41,-3.6,-2.03,9.8,2.54,0.19,10.39,-2.62,-2.39,9.57,2.62,0.68,0.73,0.13,144.01,-903.27,479.83,0
-2.54,9.41,-3.68,-1.92,9.72,2.43,0.31,10.27,-2.7,-2.39,9.57,2.74,0.68,0.72,0.13,144.74,-903.19,479.82,0
-2.54,9.33,-3.6,-1.76,9.84,2.43,0.27,10.35,-2.94,-2.43,9.53,2.66,0.69,0.72,0.16,145.55,-902.93,479.85,0
-2.74,9.21,-4.23,-1.92,9.8,2.86,0.35,10.35,-2.86,-2.35,9.61,2.62,0.68,0.72,0.17,146.12,-902.67,479.71,0
-4.58,9.1,-4.51,-2.9,9.96,2.51,0.27,10.27,-3.05,-2.31,9.49,2.74,0.67,0.72,0.17,146.53,-902.25,479.45,3
-8.94,8.94,-6.39,-7.72,13.37,1.56,0.23,10.27,-3.17,-2.58,9.29,2.47,0.65,0.71,0.18,145.9,-902.56,479.14,3
-6.98,0.7,-5.64,-10,4.27,-1.41,0.03,10.51,-2.74,-2.54,9.37,2.54,0.64,0.75,0.15,146.91,-902.83,479.34,3
-1.84,-5.96,-11.8,-8.82,-1.29,0.47,0.39,10.39,-1.56,-1.88,9.49,2.58,0.58,0.74,0.16,146.08,-899.56,476.72,3
-4.04,0.54,2.94,-11.65,-7.64,5.41,2.15,9.29,-2.31,0.15,10.94,0.31,0.84,0.61,0.23,149.7,-901.59,479.01,3
6.74,-9.17,-20.08,6.35,4.31,0.74,-2.43,10.74,-1.6,-6.7,8.62,1.33,0.67,0.89,0.07,155.51,-900.36,482.67,3
-3.68,-7.6,2.94,-12.63,-18.67,4.51,1.01,11.41,0.03,-2.78,9.13,2.98,0.73,0.72,0.14,158.52,-902.1,475.62,3
-4.27,-2.31,6.55,-11.61,-8.04,8.47,0.74,12.35,-1.37,-1.52,10.08,0.03,0.89,0.65,0.24,147.91,-896.36,478.14,3
5.45,-6.39,-20.08,1.64,3.88,-1.56,0.39,8.9,-2.43,-2.82,7.92,1.6,0.69,0.61,0.17,150.31,-899.15,477.98,3
-3.8,-12.74,-7.37,-10.98,-9.88,6.74,1.64,12.55,0.5,-1.01,13.8,3.6,0.62,0.77,0.31,150.52,-903.43,475.71,3
-1.56,0.03,2.19,-9.72,-4.58,11.76,0.39,11.37,0.03,-1.76,8.74,2.03,0.61,0.68,0.18,152.87,-901.06,477.08,3
-2.62,-4.62,-13.06,-9.61,-4.23,1.41,3.88,12.39,-3.13,-6.47,8.39,-3.02,0.89,0.75,0.23,145.91,-895.3,480.84,3
-1.45,-9.17,-11.92,-9.13,-6.11,-1.52,0.11,9.21,-2,-4.98,6.7,0.78,0.62,0.51,0.06,147.39,-897.65,478.86,3
-4.19,-3.29,2.54,-12.74,-7.8,16.04,2.86,10.94,-1.84,-3.45,12.7,3.84,0.73,0.94,0.28,147.74,-900.77,477.97,3
0.9,-2.31,-13.61,5.53,-8.59,3.21,0.94,9.33,0.23,-1.01,8.27,1.64,0.42,0.67,0.15,146.55,-897.57,480.69,3
-2.9,-10.35,-16.63,-5.57,-4.35,0.66,0.27,12.9,-2.35,-1.68,10.63,1.68,0.89,0.75,0.16,147.68,-898.81,479.81,3
-1.76,-4.04,1.41,-9.06,-9.92,5.06,-2,7.25,-2.27,-5.53,5.45,0.39,0.76,0.41,0.03,150.99,-905,479.05,3
-5.6,-7.29,-2.11,-9.17,-7.49,4.82,0.35,11.76,-1.25,-2.58,11.76,2.66,0.75,0.87,0.3,150.38,-906.31,480.08,3
-2.27,-3.96,-12.47,-3.84,-2.07,3.53,0.86,9.13,0.66,-3.96,7.37,2.35,0.37,0.58,0.11,150.63,-904.95,481.29,3
-3.41,-6.51,-14.16,-8.9,-6.51,1.84,0.39,10.51,-2.51,-3.25,11.37,2.15,0.79,0.68,0.18,146.71,-904.07,479.1,3
-2.03,-3.88,-1.01,-6.66,-4.55,8.94,0.11,8.98,-2.23,-3.92,8.55,1.01,0.7,0.59,0.19,147.29,-904.88,477.36,3
-4.9,-1.29,-7.13,-5.88,-1.01,6,-10.51,4.74,-3.45,-1.41,11.41,4.9,0.41,0.62,0.22,149.5,-907.06,477.09,3
-10.15,5.57,-6.66,-10.55,6.7,1.49,0.03,10.04,-3.09,-3.45,9.17,2.58,0.63,0.66,0.23,150.32,-907.5,477.74,3
-7.6,9.72,-7.29,-7.8,11.02,2.35,0.15,10.19,-2.78,-1.6,9.84,2.19,0.71,0.7,0.2,147.59,-907.11,477.78,3
-3.29,9.41,-4.19,-3.56,10.31,3.33,0.31,10.63,-3.8,-1.92,9.57,2.66,0.68,0.71,0.15,146.45,-908.63,477.58,3
-3.13,8.59,-5.13,-2.62,10.04,2.7,0.54,10.43,-2.9,-2.07,9.64,2.54,0.7,0.72,0.12,145.56,-909.57,477.49,3
-1.05,8.43,-1.33,-2.15,10.08,2.54,0.19,10.35,-3.17,-2.31,9.49,2.58,0.7,0.72,0.12,145.39,-910.45,477.47,3
-3.05,10.04,-4.7,-1.64,9.45,2.43,0.43,10.43,-3.02,-2.11,9.57,2.66,0.69,0.71,0.12,145.51,-910.48,477.61,3
-3.05,9.25,-3.6,-1.96,9.53,2.43,0.39,10.51,-3.02,-2.19,9.64,2.66,0.68,0.72,0.12,144.85,-910.43,477.59,0
-2.74,9.13,-3.88,-2.31,10,2.62,0.31,10.15,-2.86,-2.19,9.61,2.51,0.69,0.71,0.11,144.73,-910.2,477.61,0
-2.78,9.29,-3.84,-2.23,9.8,2.58,0.43,10.27,-3.02,-2.11,9.61,2.51,0.7,0.72,0.11,145.54,-910.53,477.88,0
-2.82,9.21,-3.56,-1.96,9.76,2.58,0.31,10.31,-2.98,-2.27,9.64,2.39,0.69,0.73,0.13,146,-910.63,477.93,0
-2.74,9.29,-3.8,-1.76,9.64,2.66,0.35,10.31,-2.7,-2.11,9.45,2.43,0.7,0.73,0.12,145.86,-910.97,477.79,0
-2.74,9.21,-3.84,-1.96,9.72,2.62,0.15,10.31,-2.9,-2.27,9.72,2.7,0.69,0.72,0.12,145.9,-910.9,477.72,0
-2.74,9.25,-3.68,-2.15,9.84,2.58,0.31,10.23,-2.9,-2.35,9.64,2.7,0.69,0.72,0.13,146.2,-910.95,477.75,0
-2.78,9.25,-4,-2.15,9.68,2.54,0.58,10.31,-2.66,-2.31,9.61,2.23,0.69,0.71,0.11,146.22,-911.39,477.96,0
-2.62,9.25,-4.04,-1.96,9.8,2.62,0.27,10.27,-2.94,-2.23,9.53,2.62,0.68,0.72,0.13,146.81,-911.2,478.2,0
-2.66,9.29,-4.04,-1.84,9.76,2.7,0.31,10.19,-3.05,-2.15,9.61,2.43,0.7,0.72,0.13,146.93,-911.09,478.17,0
-2.58,9.33,-4,-1.96,9.68,2.51,0.23,10.35,-3.05,-1.92,9.53,2.43,0.7,0.71,0.11,147.03,-911.14,478.21,0
-2.66,8.78,-3.84,-2.03,8.9,2.23,0.58,11.68,0.58,-2.31,9.02,1.8,0.66,0.69,0.1,146.48,-911.53,477.84,0
-1.37,9.41,-5.96,-2.43,10.94,2.74,2.19,9.84,-3.92,-1.13,10.08,0.7,0.8,0.63,0.16,144.79,-908.71,477.56,4
-2.43,8.39,-5.33,-2.47,9.57,2.66,-3.05,9.06,0.31,-1.29,10.31,2.11,0.83,0.54,0.08,146.53,-908.07,478.33,4
-1.25,14.43,-7.64,-1.56,12.94,1.45,1.84,20.04,3.72,-1.21,10.08,2,0.92,-1.19,0.21,151.47,-910.78,479.74,4
-2.78,8.04,-2.74,-2.43,9.96,3.8,0.47,11.06,0.86,-5.17,9.61,4.47,0.53,0.93,0.15,159.21,-918.4,482.06,4
-4.15,8.59,-3.33,-2.19,8,4.7,0.03,10.59,-1.6,-4.82,8.66,3.84,0.51,0.71,0.16,161.64,-917.92,483.54,4
-4.07,11.33,-3.88,-1.41,11.53,4.27,2.7,9.53,-4.11,-4.58,10.27,7.29,0.71,0.79,0.12,157.11,-920.23,483.18,4
-3.05,9.29,-3.45,-3.49,9.57,3.72,0.62,10.39,-2.03,-6.86,8.39,1.76,0.56,0.77,0.15,157.01,-920.05,483.96,4
-3.49,9.06,-2.23,0.19,8.66,3.64,0.66,10.55,-1.88,-4.55,7.1,2.74,0.61,0.75,0.31,161.81,-919.43,483.12,4
-3.56,8.31,-2.35,-3.02,9.68,5.53,0.98,10.08,-3.05,-6.55,7.68,3.29,0.56,0.87,0.19,160.27,-919.82,484.13,4
0.86,9.1,-5.64,-2.78,8.94,1.37,-3.96,11.88,2,0.43,12.78,-3.64,0.73,0.49,0.11,165.64,-921.68,484.41,4
0.74,8.43,-5.21,-1.88,9.53,0.27,1.8,10.66,-2.15,-4.31,8.55,2.15,0.68,0.61,0.14,170.46,-922.94,482.73,4
-1.88,9.25,-4.78,-2.7,10.82,0.98,-4.23,16.39,2.31,5.21,9.84,2.35,0.94,0.93,0.17,169.36,-924.04,483.01,4
-2.35,8.62,-5.6,-3.05,10,2.11,3.53,8.86,-1.21,-3.56,8.94,2.39,0.74,0.5,0.19,166.8,-919.41,482.5,4
-1.92,8.15,-5.25,1.52,8.62,3.68,-4.31,8.86,0.43,-3.64,9.49,2.31,0.82,0.48,0.17,164.2,-915.07,482.12,4
-2.82,10.27,-6.74,-1.88,10.43,0.66,4.27,8.59,-2.51,-5.33,8.59,6.27,0.62,0.75,0.27,151.79,-905.81,477.18,4
-4,7.76,-2.11,0.94,11.1,2.35,0.5,10.7,0.7,-1.88,10.43,2.58,0.39,0.81,0.14,153.6,-908.43,479.36,4
-4.35,8,-2.98,-2.47,8.15,4.74,-1.68,10.94,-1.05,0.94,9.33,3.92,0.54,0.75,0.14,156.51,-909.52,480.53,4
-3.68,9.88,-3.13,-3.53,10.15,3.45,0.86,10.74,-2.54,-1.45,11.76,-2.39,0.61,0.75,0.16,158.87,-912.1,480.94,4
-3.8,8.47,-2.86,-3.05,9.1,3.53,0.39,10.27,-2.19,-3.13,9.37,3.13,0.5,0.82,0.13,161.67,-912.69,480.1,4
-3.53,8.43,-2.23,-1.96,8.78,4,0.94,10.39,-1.88,-4.62,6.11,2.82,0.4,0.83,0.15,163.37,-912.48,480.43,4
-4.74,14.63,-2.58,-1.88,13.53,2.98,-2,15.41,-2.07,-19.77,0.58,6.62,1.2,0.72,0.33,157.29,-902.86,481.73,4
-1.41,7.25,-3.6,-2.74,8.94,1.6,0.43,11.06,-4.27,-4.7,8.35,1.64,0.85,0.45,0.13,154.89,-901.85,478.54,4
-1.64,8.55,-5.21,-2.15,10.63,0.78,-1.84,11.8,0.98,-3.09,12.82,0.03,0.75,0.63,0.18,154.65,-900.88,477.81,4
-2.31,10.74,-6,-2.43,11.49,1.52,0.47,9.45,-3.56,-1.76,9.8,3.05,0.64,0.57,0.32,154,-899.37,477.25,4
-2.58,9.1,-4.51,-5.37,11.68,4.82,-1.13,9.92,-2.78,-2.03,9.29,2.27,0.69,0.7,0.18,152.51,-899.7,477.04,4
-2.54,9.21,-3.64,-1.92,9.76,2.11,0.5,10.51,-2.43,-2.19,9.72,2.35,0.66,0.74,0.19,151.88,-898.84,477.1,0
-2.74,9.61,-3.72,-1.84,9.92,2.51,0.5,10.19,-2.9,-2.94,9.41,2.54,0.66,0.71,0.2,152.11,-897.11,477.45,0
-2.58,9.49,-3.68,-1.96,9.61,2.86,0.7,10.31,-2.94,-2.31,9.8,2,0.67,0.72,0.17,151.98,-897.72,477.05,0
-2.51,9.49,-3.45,-2.03,9.76,2.7,0.94,10.39,-2.78,-2.82,9.64,2.23,0.69,0.71,0.2,151.06,-897.74,476.16,0
-2.74,9.25,-3.64,-1.84,9.76,2.78,0.66,10.47,-2.74,-2.7,9.68,1.92,0.68,0.72,0.2,150.54,-897.37,475.94,0
-2.62,9.45,-3.49,-2,9.64,2.66,0.9,10.15,-2.9,-2.19,9.64,2.19,0.68,0.69,0.19,149.11,-895.37,475.23,0
-2.35,9.37,-4.15,-2.23,9.88,2.66,0.47,10.7,-2,-2.62,9.21,1.68,0.7,0.69,0.21,148.54,-893.09,474.82,0
-2.51,9.64,-3.68,-1.88,10.27,2.58,1.01,10.23,-3.21,-2.15,9.41,2.35,0.7,0.71,0.19,148.79,-893.31,474.99,0
-2.78,9.53,-3.53,-1.8,9.96,2.62,1.21,10.66,-2.7,-1.68,9.72,2.31,0.67,0.71,0.18,147.97,-893.28,475.16,0
-2.47,9.37,-3.64,-1.72,9.68,2.74,0.27,10.19,-3.05,-2.35,9.45,2.43,0.67,0.71,0.17,148.05,-893.16,475.56,0
-2.54,9.37,-3.68,-1.84,9.72,2.74,0.58,10.43,-2.82,-2.23,9.61,2.47,0.67,0.72,0.16,148.08,-892.99,475.68,0
-2.74,9.37,-3.64,-2.11,9.84,2.74,0.74,10.43,-2.66,-2.15,9.68,2.47,0.68,0.73,0.17,148.45,-892.93,475.75,0
-2.62,9.37,-3.64,-1.96,9.76,2.62,0.66,10.39,-2.58,-2.35,9.57,2.51,0.68,0.72,0.16,148.58,-893.02,475.78,0
-2.62,9.37,-3.68,-1.84,9.8,2.66,0.54,10.43,-2.62,-2.19,9.61,2.19,0.68,0.73,0.16,148.65,-893.22,475.79,0
-2.94,9.37,-5.13,-1.17,10.15,2.74,0.11,10.66,-2.31,-2.47,9.29,2.35,0.7,0.72,0.15,148.85,-893.8,475.75,0
-8.19,4.39,-7.49,1.01,9.96,0.31,2.11,10.04,-2.39,-1.56,10.19,2.62,0.9,0.58,0.08,157.6,-904.81,480.03,5
-10.55,6.27,-1.72,-2.35,10.86,-2.62,5.49,10.27,-2.62,0.23,9.57,2.23,0.84,0.51,0.42,187.12,-939.05,489,5
-8.55,7.49,-3.53,-5.06,8.11,-3.92,5.6,8.59,-9.37,0.7,10.04,-2.58,0.56,0.46,0.62,218.77,-971.27,500.94,5
-7.64,7.21,-3.64,-6.39,5.37,-3.41,8.19,14.08,1.41,-2.39,7.68,-9.88,0.6,0.62,0.41,252.46,-1005.56,512.53,5
-9.96,5.25,-5.25,-2.9,8.62,-3.09,2.27,8.51,-5.6,-5.06,9.13,-4.15,0.82,0.5,0.38,285.06,-1037.95,521.6,5
-9.84,1.72,-9.49,-8.82,8.27,-6.31,3.13,10.43,-4.86,-3.68,9.13,0.74,0.7,0.56,0.5,315,-1070.34,532.36,5
-8.55,-2.74,-8.19,-8.11,0.78,-6.9,0.86,10.63,-5.88,-3.76,8.86,-1.37,0.68,0.7,0.37,335.99,-1091.99,542.35,5
-4.35,-1.6,-3.17,-1.72,-5.41,-2.27,-2.31,12.78,-2.19,-4,7.45,0.19,0.63,0.6,0.21,350.62,-1107.53,550.31,5
-9.1,-5.21,-2.86,-4.43,-6.98,1.72,-1.92,10.98,-2.27,-4.78,10.59,2.82,0.57,0.96,0.35,358.36,-1122.93,555.46,5
10.55,-18.24,-1.96,-6.23,-4.82,9.88,1.09,10.47,0.27,-3.68,6.19,2,0.52,0.72,0.26,361.06,-1126.86,557.44,5
-5.49,-4.23,-8.39,-7.64,-4.23,0.19,1.6,10.39,0.86,-4.19,9.96,0.62,0.59,0.77,0.23,363.33,-1125.68,557.35,5
-7.41,-3.53,-8.55,-9.76,-3.09,0.47,0.07,10.66,-1.8,-2.9,9.64,2.31,0.65,0.74,0.23,364.51,-1125.75,557,5
-5.49,-3.72,-8.59,-9.92,-1.76,0,0.94,10.63,-1.6,-1.8,9.72,2.58,0.62,0.71,0.2,364.47,-1124.87,556.61,5
-5.25,-3.84,-8.78,-10.04,-2.15,0.03,1.29,10.63,-1.88,-2.51,9.57,2.51,0.69,0.71,0.22,364.96,-1123.5,556.08,0
-5.49,-3.21,-8.39,-9.76,-2.39,0.27,0.35,10.55,-1.56,-2.82,9.45,2.39,0.69,0.69,0.2,365.43,-1123.57,555.71,0
-5.33,-3.33,-8.9,-9.8,-2.27,0.19,0.39,10.63,-2.15,-2.47,9.76,2.35,0.68,0.7,0.2,366.19,-1124.04,555.74,0
-5.33,-3.17,-8.7,-9.64,-2.39,0.23,0.35,10.51,-2.27,-2.54,9.45,2.54,0.67,0.7,0.22,366.82,-1124.15,556.2,0
-5.17,-3.13,-8.94,-9.76,-2.35,0.19,0.27,10.47,-2.47,-2.43,9.68,2.58,0.67,0.71,0.22,367.44,-1123.88,556.31,0
-5.17,-3.29,-8.86,-9.72,-2.19,0.11,0.31,10.47,-2.51,-2.35,9.61,2.58,0.67,0.7,0.23,368.03,-1124.02,556.12,0
-5.21,-3.13,-8.82,-9.84,-2.19,0.11,0.31,10.55,-2.62,-2.31,9.61,2.78,0.69,0.68,0.24,367.92,-1124.62,556,0
-5.25,-3.37,-9.25,-9.8,-2.31,0.11,0.23,10.27,-2.19,-2.35,9.53,2.9,0.67,0.69,0.23,367.75,-1125.37,556.03,0
-5.29,-3.09,-8.86,-9.8,-2.27,0.31,0.39,10.43,-2.35,-2.43,9.49,2.9,0.69,0.7,0.22,368.15,-1125.97,556.21,0
-5.29,-2.98,-9.21,-9.84,-2.27,0.27,0.23,10.47,-2.51,-2.23,9.57,3.02,0.68,0.7,0.22,368.98,-1126.23,556.53,0
-5.37,-3.17,-9.02,-10,-2.27,0.11,0.15,10.47,-2.98,-2.19,9.45,2.9,0.68,0.7,0.24,369.67,-1126.43,556.68,0
-5.17,-3.37,-8.78,-9.61,-2.11,0.07,0.5,10.23,-2.98,-2.43,9.53,3.02,0.66,0.71,0.22,370.38,-1127.21,557.1,0
-5.21,-3.05,-9.02,-9.84,-2.31,0,0.03,10.7,-3.02,-2.19,9.61,2.9,0.67,0.7,0.23,370.91,-1128,557.31,0
-3.72,-3.21,-10.31,-12.04,-1.29,2.86,0.19,10.39,-2.86,-2.54,9.37,2.54,0.68,0.71,0.22,371.6,-1129,557.69,6
-4.35,-5.33,-15.29,-13.88,-1.76,4.94,0.11,10.47,-2.23,-1.96,9.17,2.74,0.62,0.69,0.2,373.38,-1129.24,557.72,6
-6.9,-4.62,-4.39,-1.88,-9.37,-3.53,0.66,11.25,-2.27,-2.11,9.64,1.6,0.75,0.68,0.27,374.7,-1128.49,557.13,6
-7.8,-8.9,-12.43,4.04,-7.84,-7.96,0.98,9.06,-2.31,-4.11,8,0.39,0.73,0.51,0.18,376.63,-1130.36,556.96,6
12.35,-8.78,-9.96,-13.1,-12.82,0.27,0.03,15.57,0.9,-5.25,12.67,2.74,0.85,-1.09,0.37,383.12,-1132.65,559.65,6
20.04,-4.51,-14.78,-20.08,5.41,-6.82,1.21,10.66,0.23,-1.76,9.17,3.17,0.45,0.77,0.21,386.35,-1130.57,560.92,6
-4.39,-10.31,-20.08,-20.08,-8.27,-5.49,-2.27,13.29,-1.76,-2.98,10.15,2.58,0.74,0.68,0.32,383.65,-1131.68,560.42,6
-20.08,-12.08,-7.96,15.8,-8.39,4.27,2.39,7.92,-2.74,-4.23,7.33,-1.37,0.63,0.47,0.24,386.71,-1130.87,560.3,6
19.53,-16.43,1.37,-9.45,-10.59,2.94,0.66,12.9,0.31,-3.8,13.61,2.78,0.83,-1.06,0.46,387.22,-1133.53,563.38,6
-7.21,-10.9,-7.1,16.78,-9.29,7.6,1.8,10.7,1.01,-2.43,7.6,2.11,0.15,0.79,0.52,394.05,-1133.53,565.65,6
0.62,-14.9,-2.47,-8.55,-8.66,1.96,1.01,15.65,-3.13,-3.96,9.84,0.86,1.03,0.77,0.4,392.09,-1135.34,566.35,6
2.62,-1.64,-9.49,16.51,-7.49,7.41,1.8,7.41,-2.98,-3.68,8.04,0.23,0.66,0.42,0.15,395.11,-1136.75,566.83,6
-18.47,-10.04,-4.78,-11.8,-8.59,0.74,1.6,13.53,0.15,-2.86,13.02,3.09,0.72,0.96,0.38,391.7,-1138.45,566.84,6
19.33,-12.43,2.54,2.43,-8.62,1.29,1.6,10.7,0.03,-2.58,7.84,1.37,0.53,0.66,0.24,393.96,-1137.57,568.09,6
0.58,-11.84,-10.86,-8.15,-9.61,0.62,0.19,13.96,-3.29,-8,10.59,0.35,0.91,0.73,0.23,389.03,-1137.03,567.32,6
-10.78,-8.86,-7.84,-6.9,-8.98,-1.25,0.58,8.43,-1.84,-3.84,7.68,0.19,0.65,0.5,0.19,389.97,-1135.19,567.15,6
8.19,-9.1,-4.23,-15.14,-10.63,-7.68,1.84,11.61,0.07,-3.45,12.31,3.17,0.61,0.75,0.43,384.89,-1135.9,568.59,6
0.54,-7.92,-5.72,-6.9,-8,0.86,0.66,10.19,-1.25,-2.27,9.29,1.29,0.54,0.72,0.29,390.53,-1136.39,569.22,6
-8.59,-11.17,-4.66,-3.02,-9.49,-4.78,0.78,10.43,0.74,0.9,10.04,0.15,0.78,0.66,0.34,381.53,-1130.78,566.26,6
7.84,-7.25,-3.25,-6.59,-11.21,-5.57,1.17,9.49,-2.23,0.35,10.31,1.49,0.76,0.68,0.26,380.62,-1129.04,566.65,6
1.76,-5.37,-6.55,-7.49,-7.17,-2.74,-2.31,14.08,0.74,-5.17,4.47,-1.33,0.63,0.64,0.14,381.92,-1131.53,567.9,6
-8.62,-11.8,-4.58,15.92,-9.17,7.21,0.23,10.47,-1.17,-3.21,11.17,2.35,0.67,0.73,0.26,381.7,-1131.04,565.67,6
-2.7,-4.27,0.78,0.03,-4.58,2.11,1.88,10.94,0.11,-3.37,10.74,1.56,0.54,0.69,0.26,374.72,-1126.75,563.91,6
-6.78,5.53,-8.86,-13.18,7.84,0.7,-1.8,10.66,-2.51,-1.05,9.33,1.92,0.54,0.61,0.24,375.98,-1127.31,561.81,6
-5.13,14.39,-10.04,-8.66,16.12,1.64,1.33,10.39,-2.31,-2.03,9.64,1.84,0.73,0.66,0.28,373.76,-1126.85,561.15,6
-2.78,9.33,-6.11,-2.58,10.15,3.29,0.54,10.35,-2.74,-2.47,9.49,1.68,0.72,0.69,0.17,372.95,-1127.15,561.56,0
-2.78,9.17,-4.27,-2.9,10.12,3.09,0.43,10.39,-2.54,-2.74,9.41,2.15,0.71,0.69,0.18,372.47,-1126.73,561.98,0
-2.23,9.57,-3.84,-2.23,10.27,2.15,0.66,10.31,-2.86,-2.07,9.64,2,0.68,0.69,0.21,373.37,-1127.12,562.62,0
-3.41,8.78,-5.02,-2.07,8.51,1.72,0.47,10.35,-2.98,-2.47,9.57,2.11,0.69,0.71,0.19,373.13,-1127.12,562.93,0
-4.15,7.96,-6.15,-2.62,9.84,2.39,0.35,10.15,-3.02,-2.58,9.57,1.88,0.68,0.71,0.21,372.49,-1127.54,563.06,0
-4.47,7.29,-4.58,-2.31,10,3.41,0.27,10.35,-3.05,-2.74,9.17,1.84,0.69,0.69,0.17,372.63,-1128.61,563.4,0
-4.94,7.6,-4.27,-3.17,9.96,2.98,0.07,10.23,-3.25,-2.98,9.53,2.15,0.69,0.7,0.18,373.31,-1129.47,563.65,0
-4.19,8.31,-5.25,-1.92,9.72,2.54,1.09,10.39,-3.17,-2.86,9.45,2,0.63,0.74,0.18,373.55,-1130.42,564.28,0
-13.02,8.47,-18,-1.37,10,2.11,0.47,10.31,-2.7,-2,9.8,1.84,0.57,0.81,0.14,371.22,-1131.09,563.55,7
-14.16,4.39,-3.76,0.9,8.19,3.64,3.45,11.57,3.92,-6.7,10.23,2.82,0.71,0.54,0.14,379.92,-1135.46,563.63,7
2.86,5.45,2.62,-3.25,12.47,1.09,6.35,12.19,0.82,0.94,12.82,0.66,0.72,0.76,0.44,396.38,-1149.6,567.16,7
8.62,0.86,-1.05,-3.25,8.11,0.78,0.78,8.82,1.52,-5.53,6.43,0.62,0.68,0.53,0.21,400.84,-1166.38,571.2,7
-18.16,15.45,7.33,-1.33,5.57,-1.52,2.78,3.29,10.43,-6.15,3.45,0.98,0.32,0.4,0.12,394.64,-1196.91,572.98,7
-20.08,12.9,-13.53,0.94,12.12,0.5,0.98,10.47,0.62,-1.84,17.1,2.51,0.64,-1.16,0.9,395.2,-1190.69,573.09,7
-5.17,5.96,-1.21,0,14.35,1.21,-4.51,8.94,0.98,-1.92,9.72,4.31,0.74,0.55,0.34,382.17,-1170.75,569.57,7
-4.04,4.9,-4.9,-6.62,6.08,-2.19,-2.66,4.9,0.39,-6.43,7.1,1.6,0.64,0.44,0.1,380,-1160.2,569.88,7
-6.19,7.64,-6.43,-13.18,-2.7,-6.08,0.11,12.59,-1.84,-4.19,8.31,0,0.76,0.61,0.06,377.46,-1152.63,573.25,7
-5.92,9.8,-5.88,-4.55,0,-2.54,-7.45,8.23,-2.54,-6.7,4.66,-5.13,0.8,0.76,0.29,356.71,-1140.46,569.37,7
-5.88,5.84,-4.23,9.29,-1.21,6.86,-2.7,10.15,0.15,-3.37,12.12,2.39,0.64,0.75,0.15,339.07,-1130.46,571.08,7
-5.29,5.57,-2.62,0.07,4.98,-4.55,1.6,9.33,0.43,-5.57,4.51,2.62,0.46,0.67,0.02,319.17,-1122.47,568.52,7
-10.82,12.12,-5.29,-20.08,20.04,-3.21,1.41,12.63,-2.23,-13.29,6.23,5.68,0.81,0.68,0.53,310.15,-1123.63,564.51,7
-10.12,8,-2.78,-8.43,4,0.39,5.64,13.02,-3.88,-5.37,12.27,3.25,0.88,0.62,0.41,334.84,-1136.78,561.93,7
-10.86,2.27,-5.72,-4.66,4,-2,0.31,9.72,0.58,-6.94,5.6,2.39,0.54,0.55,0.1,357.26,-1153.41,558.07,7
-10.51,-3.56,-7.68,-8.27,3.33,-4.86,3.53,11.02,0.03,-1.05,7.49,-1.68,0.49,0.62,0.13,381.05,-1174.37,562.72,7
0.9,0.66,-3.68,-9.29,1.92,-3.72,7.13,13.61,-3.37,11.88,20.04,-4.86,1,0.9,0.15,402.65,-1195.71,569.78,7
8.04,-1.92,-2.43,-6.55,3.13,-1.64,-2.98,9.37,-1.17,0.86,9.13,-1.41,0.76,0.56,0.17,408.66,-1213.36,572.85,7
1.01,13.25,1.33,-5.96,4,0.94,0.23,6.39,2.66,-6.78,5.45,-1.33,0.49,0.42,0.14,409.33,-1227.64,576.56,7
-20.08,20.04,-20.08,-15.96,10.98,-1.76,18.31,20.04,-7.8,0.39,18.43,5.92,0.84,-1.09,0.47,408.49,-1233.19,578.01,7
-5.88,12.55,-3.84,-9.88,10.31,0.5,-1.45,12.51,-1.76,-2.47,11.88,3.53,0.74,0.95,0.35,402.25,-1220.37,578.29,7
-2.58,5.33,-2.43,-9.64,0.27,-2.27,2.7,12.67,2.47,-4.62,3.8,-1.92,0.79,0.82,0.14,395.51,-1201.81,579.31,7
-5.6,7.49,-5.37,-10.12,-4.11,-2.86,-2.31,10.7,0.74,0.19,9.25,0.31,0.73,0.61,0.16,393.18,-1187.95,580.63,7
-5.49,8.62,-5.02,-6.15,-6.59,0.94,2.35,8.78,-1.21,-1.52,9.96,1.21,0.68,0.52,0.12,380.14,-1169.18,573.8,7
-5.02,7.29,-3.96,4.11,-3.13,5.29,4.94,11.68,-2.19,-2.03,9.37,-1.68,0.65,0.56,0.08,357.68,-1151.03,565.82,7
-6.43,6.35,-2.86,2.27,-6.08,1.52,2.58,11.76,-1.13,-3.76,10.27,0.82,0.63,0.75,0.03,340.2,-1143.28,566.32,7
-4.43,6.31,-2.82,-3.13,7.29,-2.62,-2.15,7.13,0.94,-5.29,5.06,3.37,0.5,0.53,0.17,328.75,-1140.43,566.52,7
-10.19,11.41,-6.04,-15.84,20.04,0.47,3.96,6.98,-4.31,5.68,18.08,0.9,1.24,0.76,0.23,316.02,-1137.86,563.2,7
-3.64,6.27,-2.62,-10.12,8.43,0.35,3.68,11.1,0.78,-3.84,6.94,-3.6,0.64,0.62,0.22,329.5,-1153.13,566.82,7
-4.19,9.49,-4.35,0.74,9.92,0.19,1.52,10.43,-1.72,-2.47,9.29,0.19,0.49,0.82,0,348.83,-1171.05,567.98,7
-4,9.72,-3.33,-4.66,7.96,-1.49,1.33,10.7,-1.84,-3.64,8.7,0.58,0.47,0.84,0.03,361.86,-1182.09,566.95,7
-2.78,8.9,-3.68,-2.9,8.31,1.01,0.39,9.68,-1.68,-3.72,15.69,2.43,0.53,0.9,0.03,365.83,-1184.07,565.23,7
0.15,8.43,-5.96,-4.98,10.39,2,-1.37,10.47,0.19,-2.58,9.41,1.29,0.73,0.69,0.06,368.7,-1183.74,563.32,7
-1.52,8.35,-4.7,0.15,9.49,3.49,0.07,10.12,-1.45,-3.29,9.1,1.13,0.75,0.66,0.14,373.47,-1183.02,561.2,7
-2.98,8.7,-5.33,-2.94,9.76,1.41,-2.54,11.17,0.35,-1.52,9.96,1.41,0.73,0.7,0.14,375.02,-1183.04,561.66,7
-1.84,8.98,-5.53,-2.11,9.29,1.33,0.62,10.55,-1.96,-2.23,9.41,1.45,0.71,0.7,0.17,373.68,-1181.5,561.33,7
-1.96,9.25,-4.98,-2,9.41,2.39,1.05,10.63,-2.54,-2.19,9.8,2.23,0.72,0.7,0.14,372.45,-1180.39,561.96,7
-2.07,8.98,-4.15,-2.35,10.15,4.94,1.17,10.66,-2.47,-2.27,9.45,1.88,0.71,0.72,0.12,371.26,-1181.58,562.56,0
-2.43,9.1,-4.66,-1.52,9.61,2.58,0.7,10.43,-2.9,-2.19,9.49,2.11,0.68,0.74,0.1,372.4,-1183.63,563.6,0
-2.43,9.21,-4.78,-2.54,9.53,2.19,0.23,10.39,-3.09,-2.11,9.76,2.39,0.67,0.74,0.11,373.34,-1184.11,563.81,0
-2.07,9.02,-4.82,-2.35,9.61,2.58,0.54,10.23,-3.17,-2.23,9.49,2.07,0.68,0.72,0.1,372.96,-1183.76,563.51,0
-2.23,9.06,-4.62,-2.07,9.72,2.82,0.47,9.02,-2.7,-2,9.61,2.58,0.68,0.73,0.1,372.98,-1183.52,563.38,0
-2.23,9.13,-4.51,-2.03,9.57,2.9,0.35,10.27,-3.09,-2.07,9.64,2.35,0.69,0.73,0.11,373.61,-1183.88,563.17,0
-2.31,8.94,-4.9,-2.39,9.76,2.62,0.23,10.27,-3.29,-1.76,9.68,2.47,0.69,0.73,0.12,373.87,-1184.14,563.03,0
-2.31,9.02,-5.06,-2.51,9.64,2.58,0.58,10.27,-3.25,-1.84,9.8,2.62,0.7,0.72,0.13,374.04,-1184.23,563,0
-2.51,8.9,-5.37,-2.43,9.64,2.7,0.19,10.39,-2.9,-1.49,9.88,2.54,0.69,0.73,0.12,374.34,-1184.32,563.06,0
-2.58,8.74,-4.62,-2.31,9.8,2.7,0,10,-3.45,-1.8,9.76,2.58,0.69,0.71,0.11,374.56,-1183.58,562.94,0
-2.58,8.9,-4.51,-2.31,9.68,2.62,0.31,10.27,-2.98,-1.64,9.68,2.47,0.71,0.72,0.13,374.16,-1182.81,563.03,0
-5.17,7.41,-13.37,-2.94,9.96,3.09,0.11,9.92,-2.66,-1.96,9.37,1.88,0.7,0.7,0.1,373.41,-1180.73,562.85,8
-9.41,9.13,-15.06,-11.33,12.63,7.21,0.54,10.12,-3.41,-4.43,10,1.92,0.8,0.61,0.18,381.25,-1179.64,565.28,8
0.58,4.82,4.39,-5.33,10,5.49,0.39,11.41,-1.17,-3.64,8.7,2.9,0.46,0.83,0.3,384.6,-1182.86,564.73,8
-4.78,-2.94,-20.08,2.31,-2.27,0.82,0.11,12.12,-1.56,-3.25,9.1,0.7,0.97,0.73,0.18,372.09,-1177.73,559.74,8
0.03,1.76,-11.41,-8.27,0.78,12.63,1.09,8.35,-1.72,-2.07,8.19,2.27,0.72,0.57,0.21,374.79,-1176.32,559.23,8
1.8,1.09,2.31,-6.04,3.33,20.04,4.23,11.68,0.78,-3.56,14.23,0.78,0.76,0.89,0.24,373.52,-1182.27,562.3,8
-4.78,-1.33,-20.08,3.02,-5.21,0.03,1.33,10.82,0.98,-1.33,8,3.64,0.5,0.63,0.12,372.03,-1180.5,558.75,8
0,3.13,-8.19,-6,1.33,8.55,3.09,12.47,-4.04,-7.76,7.76,-2.39,1.03,0.68,0.19,376.28,-1180.41,558.27,8
0.15,0.15,4.78,-8.08,0.58,20.04,0.31,7.6,-3.13,-6.23,4.51,0.78,0.7,0.33,0.08,377.11,-1182.04,561.71,8
-5.57,-3.53,-20.08,1.6,-4.7,1.92,0.27,12.23,0.39,-3.45,12.47,2.47,0.7,0.94,0.21,372.08,-1184.56,561.6,8
-1.92,1.41,-8.23,-2.23,-1.52,3.02,0.23,9.72,0.7,-1.68,7.68,3.68,0.51,0.61,0.13,377.41,-1177.68,559.23,8
0.27,-2.31,3.6,-15.49,3.92,20.04,2.11,9.29,-4.19,-1.92,12.16,1.25,0.96,0.63,0.17,368.76,-1174.23,560.65,8
0.9,0.11,-15.41,-5.64,1.72,5.25,-3.76,6.19,-2.7,-4.15,4.9,0,0.53,0.39,0.05,365.22,-1176.47,562.21,8
-8.08,4.55,-20.08,1.21,-2.19,0.54,2.15,11.92,-1.37,-2.27,12.23,2.9,0.79,0.98,0.18,367.96,-1171.4,560.55,8
0.19,1.13,1.96,-18.51,4.39,14.98,-1.25,8.11,1.05,-7.64,7.13,-2.11,0.38,0.46,0.1,361.72,-1168.21,559.83,8
-3.6,3.64,-2,-9.64,4.04,9.76,0.74,8.08,-1.92,-4.31,10.98,1.01,0.84,0.72,0.24,361.73,-1165.91,560.74,8
-13.25,-2.54,-20.08,3.92,-3.49,0.11,-3.21,10.35,2.19,-7.33,7.84,0.11,0.57,0.64,0,364.52,-1172.59,559.99,8
-2.39,2.7,-10.51,-4.98,0.15,7.57,0.5,10.9,-1.72,-3.13,9.57,2.43,0.61,0.72,0.2,373.5,-1172.18,556.85,8
0.94,0.11,3.25,-8.9,8.11,6.9,2.35,13.57,0.35,-4.23,7.49,0.9,1.11,0.78,0.09,360.21,-1168.65,555.77,8
-3.45,5.13,-5.41,-6.51,11.96,5.33,0.58,9.41,-2.31,-2.27,9.68,0.39,0.65,0.54,0.17,356.94,-1165.01,557.42,8
-11.17,15.57,-16.04,-5.6,11.49,2.35,8.31,20.04,9.53,-1.05,11.49,1.52,0.9,-1.08,0.17,363.33,-1170.84,560.69,8
-6.27,8.47,-7.37,-4.04,9.21,3.29,-1.33,11.06,-2.07,-1.68,9.76,2.07,0.69,0.69,0.06,361.25,-1169.13,563.25,8
-4.15,8.43,-6.23,-1.68,10.7,3.29,0.27,10.15,-2.7,-2.19,9.29,2.62,0.62,0.75,0.09,356.85,-1168.88,562.44,8
-1.92,10.35,-3.88,-1.45,9.96,2.35,1.09,10.66,-2.31,-1.92,9.76,2.15,0.66,0.73,0.07,357.66,-1167.16,562.61,0
-2.03,9.06,-3.41,-1.45,8.15,2.23,0.7,10.23,-2.39,-2.15,9.61,2.15,0.69,0.74,0.08,358.32,-1167.08,562.92,0
-2.62,9.13,-5.49,-2.47,10.9,3.25,0.47,10.39,-2.74,-1.84,9.76,2.39,0.68,0.74,0.08,358.46,-1167.48,562.76,0
-2.47,8.86,-5.6,-2.31,10.04,3.68,0.54,10.19,-2.9,-1.72,9.72,2.51,0.7,0.74,0.06,358.67,-1167.94,562.97,0
-2.51,9.02,-4.98,-1.8,9.96,3.33,0.66,10.39,-2.74,-1.8,9.64,2.58,0.68,0.74,0.06,359.36,-1169.56,563.32,0
-2.23,9.29,-4.55,-1.72,10.04,2.7,0.5,10.35,-2.74,-1.84,9.8,2.39,0.68,0.74,0.06,359.99,-1170.19,563.21,0
-2.23,8.86,-4.62,-1.45,9.1,2.58,0.5,10.19,-2.9,-1.84,9.61,2.35,0.69,0.74,0.05,360.16,-1170.33,562.83,0
-2.39,8.86,-5.13,-1.84,9.61,2.98,0.62,10.27,-2.98,-1.88,9.76,2.39,0.69,0.73,0.05,359.66,-1170.62,562.43,0
-2.66,8.7,-5.45,-2.03,10.12,3.21,0.7,10.59,-3.09,-1.76,9.61,2.78,0.69,0.74,0.05,360.55,-1170.59,562.31,0
-3.02,8.86,-5.88,-3.37,10.23,3.02,0.66,10.43,-3.13,-1.84,9.61,2.74,0.7,0.75,0.08,361.23,-1171.1,562.28,0
-4.27,7.53,-7.96,-5.45,10.23,2.9,0.74,10.66,-2.47,-1.68,9.64,2,0.68,0.72,0.04,363.2,-1171.44,562.38,9
-6.98,5.02,-18.63,-15.25,10.12,5.21,-1.68,13.8,-4.74,0.03,11.1,2.35,0.68,0.63,0,362.5,-1170.25,562.04,9
0.15,6.35,-6.55,-4.62,1.13,-2.54,0.5,8.98,1.05,-2.27,9.68,1.72,0.65,0.67,0.17,357.59,-1163.56,560.66,9
-5.29,0.39,-1.52,1.13,-2.74,-1.6,-3.53,9.72,0.47,-3.25,9.21,2.03,0.81,0.53,0.23,352.99,-1163.47,561.03,9
-6.98,-6.7,-18.55,-14.82,0.47,7.37,-3.02,15.61,-1.01,-1.52,9.8,0.27,0.88,-1.08,0.02,362.14,-1175.31,566.15,9
-1.13,-2.31,-15.72,-14.78,-6.66,-1.64,0.54,10.51,0.23,-6.11,8.78,4.86,0.53,0.78,0.1,366.4,-1170.68,563.83,9
0.54,-1.13,-9.88,-6.74,-3.68,0.43,0.78,11.68,1.84,-3.21,9.33,4.58,0.41,0.74,0.18,367.35,-1163,561.72,9
0.5,-3.02,-2.47,-1.45,-4.98,3.02,5.49,7.25,-3.37,-8.19,8.08,-2.03,0.75,0.53,0.41,366.93,-1160.69,562.8,9
-5.72,-3.45,-6.66,-3.49,-1.64,5.68,-1.25,9.92,0.86,-3.09,7.49,-2.47,0.8,0.51,0.23,366.58,-1162.31,564.53,9
-9.1,-5.88,-15.45,-18.2,0.74,8.55,2.35,11.88,0.15,-6.11,10.12,7.41,0.59,0.85,0.05,362.97,-1163.85,565.08,9
0.35,0.54,-9.45,-6.94,0.9,3.72,3.92,9.45,-3.29,-20.08,10.04,-10.19,0.81,0.95,0.11,360.4,-1165.3,571.13,9
-12.7,-4.47,-13.21,-14.63,2.51,10.63,0.07,10.82,-1.76,-9.8,7.72,2.74,0.46,0.91,0.11,369.62,-1168.69,571.92,9
-7.64,-1.64,-1.72,-2.15,0.66,3.33,2,10.15,-2.15,-4.39,5.09,2.43,0.5,0.77,0.18,375.8,-1167.96,572.16,9
0.54,1.96,-9.37,-7.8,-5.84,3.05,0.78,12.16,2.15,-5.64,2.03,5.88,0.98,0.65,0.25,371.75,-1171.55,571.69,9
-2.27,2.19,-14.98,-11.21,-4.66,3.17,-2.39,10.55,-2.74,-2.47,9.88,1.13,0.72,0.58,0.12,373.38,-1172.77,569.9,9
-8.15,0.11,-14,-14.12,1.01,11.37,-13.02,20.04,6.82,-1.96,6.62,2.66,0.79,0.8,0.02,368.71,-1175.77,572.86,9
-11.84,-1.25,-5.8,-7.29,1.25,6.47,2,10.9,-1.56,-3.05,11.68,2.07,0.66,0.76,0.15,375.71,-1173.07,572.1,9
-2.19,0.15,-3.25,-1.88,-3.25,2.47,2.15,10.51,0.15,-6.47,7.37,1.84,0.55,0.74,0.18,377.56,-1171.18,573.42,9
5.72,3.05,-12.59,-7.57,-2.35,2.23,2.51,12.31,-1.49,-4.15,10.98,1.52,0.72,0.6,0.14,377.18,-1176.76,575.69,9
-5.25,-3.68,-14.08,-17.33,1.01,1.56,0.39,9.53,-3.96,-6.23,7.33,2.43,0.81,0.55,0.17,377.87,-1179.98,575.55,9
0.03,3.84,-17.57,-19.26,-1.64,0.98,-4.31,10.51,0.19,-4.55,10.74,0.82,0.64,0.72,0.17,373.27,-1177.02,574.03,9
0.7,3.76,-8.66,-5.68,-1.13,0.23,-1.25,9.33,0.23,-3.09,8.86,1.92,0.65,0.6,0.23,369.47,-1170.85,571.08,9
-2.23,0.23,-2.9,-3.09,-1.17,2.31,0.23,8.7,-1.6,-2.35,8.82,1.33,0.84,0.49,0.2,366.84,-1168.75,569.32,9
-8.86,-3.84,-13.65,-11.88,0.78,8.35,9.76,14.59,0.62,-9.61,6.9,0.39,0.91,-1,0.05,359.67,-1176.07,567.23,9
-3.72,0.94,-11.88,-11.8,0.82,4.58,4.66,10.98,0.47,-2.62,10.23,4,0.58,0.81,0.16,356.8,-1168.5,566.73,9
0.78,0.43,-14.31,-14.39,-4.74,-1.41,-1.88,15.76,-2.03,-20.08,-6,9.25,1.05,0.71,0.08,343.11,-1158.68,562.88,9
0.07,0.11,-10.35,-7.68,-4.11,0.62,0.94,8.62,0.15,-1.56,10.94,-1.92,0.68,0.69,0.24,342.84,-1150.83,561.96,9
-1.8,-1.52,-2.98,-3.25,-2.15,3.13,-1.76,10,0.54,-2,9.02,0.9,0.72,0.51,0.29,340.11,-1145.23,559.89,9
-13.06,-3.88,-9.8,-5.88,1.21,12.94,6.04,11.37,-2.27,-5.29,9.92,3.41,0.65,0.74,0.04,328.74,-1149.05,560.34,9
-4.58,0.27,-9.61,-6.55,-1.09,8.82,1.13,10.7,-1.13,-1.64,9.53,5.13,0.5,0.78,0.13,322.68,-1145.22,559.74,9
-6.51,1.52,-15.76,-13.96,0.03,7.64,-1.8,6.62,-7.37,-15.25,1.68,12.78,0.84,0.8,0.02,317.58,-1150.08,558.85,9
-14.31,-1.09,-9.29,-9.61,2.74,10.51,0.5,10.9,-1.68,-6.86,7.72,2.74,0.46,0.88,0.11,319.69,-1148.71,557.28,9
-8.08,0,-2,-2.86,0.31,3.96,0.19,10.39,-2.74,-2.74,5.25,3.49,0.45,0.87,0.19,322.88,-1147.03,556.88,9
2.27,0.19,-7.68,-4.86,-7.02,2.03,0.11,12.98,0.03,-12.9,6.08,1.33,1,0.62,0.37,319.66,-1147.9,558.37,9
-1.56,3.41,-16,-9.76,-4.39,1.52,0.58,10.27,-4,-1.29,10.19,0.15,0.8,0.57,0.19,318.9,-1146.46,554.95,9
-5.6,0.27,-13.84,-15.18,0.31,7.25,-14,20.04,7.13,-2.27,9.53,0.74,0.93,-1.01,0.05,315.01,-1151.55,559.4,9
-10.78,-1.29,-9.29,-7.92,0,7.29,0.11,10.59,-1.33,-4.7,10.23,2.35,0.64,0.65,0.12,319.42,-1150.16,558.18,9
-5.84,-3.05,-4.86,-5.09,-2.51,6.23,1.17,10.35,-1.33,-6.59,7.76,2.54,0.57,0.75,0.21,323.02,-1147.58,559.26,9
0.5,-2.82,-7.6,-3.02,-5.57,3.33,-1.29,11.06,-1.45,2.27,15.96,-6.35,0.64,0.67,0.16,325.15,-1150.23,562.77,9
2.39,3.6,-10.94,-6.55,-3.96,0.94,-3.05,8.23,-5.29,0.43,10.55,0.66,0.61,0.56,0.25,321.45,-1146.99,559.23,9
-6.62,8.19,-15.25,-9.37,2.62,4,-13.84,8.55,-2.07,-2.82,12.08,-2.11,0.72,0.76,0.3,315.49,-1146.23,558.06,9
-3.72,10.39,-7.64,-5.29,12.51,2.51,2.94,10.31,-3.96,-1.52,10.7,2.51,0.73,0.63,0.16,310.85,-1141.62,555.53,9
-1.92,2.47,-5.17,-3.05,10.59,1.49,0.74,10.78,-1.49,-3.17,9.02,1.84,0.8,0.6,0.18,309.07,-1139.51,555.16,9
-1.21,10.59,-4.15,-2.03,10.7,0.94,0.98,19.14,0.58,-2.07,9.13,1.64,0.83,0.98,0.24,308.99,-1140.95,556.33,9
-2.9,9.84,-3.6,-3.72,10.59,3.33,1.01,10.51,-1.25,-4.78,8.15,2.27,0.64,0.86,0.21,310.32,-1144.79,558.06,0
-3.29,9.33,-3.02,-2.43,8.43,4.35,0.07,10.59,-1.8,-2.23,9.13,3.41,0.51,0.77,0.17,310.93,-1144.01,559.67,0
-3.09,10.47,-3.53,0.9,10.39,5.21,0.47,10.51,-3.25,-2.15,8.51,1.25,0.72,0.76,0.15,311.08,-1143.33,557.66,0
-2.58,9.68,-3.53,-2.35,9.64,2.58,0.86,10.12,-2.62,0.82,10.04,2.07,0.65,0.69,0.17,309.27,-1140.15,556.62,0
-1.88,9.61,-3.68,-1.45,9.57,2.31,0.35,10.27,-2.78,-2.07,9.49,2.54,0.68,0.72,0.19,308.47,-1139.67,556.57,0
-2.51,9.45,-4.27,-2.15,9.53,2.27,0.78,10.43,-2.82,-2,9.64,2.47,0.66,0.72,0.19,308.01,-1139.97,556.49,0
-2.58,9.33,-3.92,-2.15,9.72,3.02,0.9,10.43,-2.78,-2.03,9.84,2.54,0.67,0.71,0.18,307.83,-1140.12,556.13,0
-2.86,9.17,-4.27,-2.23,9.72,2.98,0.54,10.23,-2.78,-2.43,9.53,2.11,0.68,0.72,0.18,308.36,-1141.15,556.11,0
-4.23,9.02,-4.62,-2.15,9.68,2.54,0.7,10.31,-2.66,-2.31,9.68,2.19,0.67,0.74,0.17,308.16,-1141.58,556.06,0
-11.14,5.29,-7.37,0.15,10.04,0.31,2.23,10.98,0.47,-2.43,9.68,1.96,0.76,0.62,0.02,310.42,-1148.82,557.15,10
-17.65,5.13,-10.39,1.25,11.92,4.51,6.55,18.67,3.88,-2.54,10.23,2.51,0.76,0.69,0.26,328.75,-1157.06,561.61,10
-2.94,4.39,-3.76,-2.23,9.64,0.35,0.58,5.25,-4.07,-2.7,10.12,2.82,0.73,0.68,0.67,351.11,-1178.83,568.28,10
-1.6,0.58,10.74,-3.21,6.66,0.35,-8.66,10.23,-4.39,-5.17,5.25,-3.02,0.66,0.27,0.14,368.12,-1202.34,578.47,10
-14.39,-12.51,-20.08,-1.68,10.04,1.41,6.66,10.86,-3.76,0.98,12.35,1.52,1.13,0.85,0.27,384.28,-1214.22,586.66,10
6.94,2.78,2.43,-1.05,6.43,0.5,6.9,12.16,-8.43,-2.9,7.64,0.66,0.48,0.57,0.15,390.86,-1228.63,590.78,10
-3.45,-17.06,1.64,-5.57,9.33,0.94,2.03,2.47,-5.49,-5.09,7.49,-1.05,0.72,0.47,0.2,407.04,-1241.25,596.46,10
-6.15,-16.47,-10.7,0.82,12.9,0.07,4.39,10.7,0.15,-13.21,10.51,4.39,0.48,0.87,0.98,447.73,-1267.39,611.01,10
8.23,1.37,3.37,-2.98,9.33,3.13,0.23,13.25,1.68,-9.25,4,-4.62,0.59,0.79,0.31,478.21,-1296.76,626.41,10
1.37,-6.94,5.92,-3.64,9.25,0.7,2.78,0.86,-8.82,-5.29,7.96,0.39,0.39,0.23,0.26,498.68,-1311.92,631.73,10
-11.49,-9.88,-20.08,-2.11,10.04,1.6,8.9,10.9,-6.08,-3.41,9.8,0.74,0.92,0.57,0.34,503.45,-1323.7,635.51,10
7.33,0.47,5.25,-2.27,7.37,2.54,2.43,3.49,-5.37,-4.82,6.23,-4.07,0.78,0.45,0.16,506.74,-1330.43,635.42,10
-15.96,-15.41,-12.16,-1.72,17.37,1.68,6.74,13.57,5.02,-7.17,14.86,3.84,0.74,0.77,0.62,543.58,-1342.81,651.08,10
-1.33,-2.15,-4.94,0.7,10.23,4.62,4.86,12.27,-4.51,-1.17,8.78,-5.72,0.8,0.55,0.3,564.91,-1361.55,658.56,10
2.54,-1.05,2.54,0.66,7.25,0.86,-1.05,4.07,-1.76,-2.27,8.7,1.05,0.63,0.48,0.2,565.46,-1366.98,659.76,10
-16.2,15.72,-4.94,-2.86,14.35,0.31,-20.08,5.02,-2.62,0.5,15.33,2.03,0.82,-1.55,0.24,582.14,-1371.58,663.91,10
-3.8,9.45,-10.08,-7.37,8.74,0.74,0.27,11.33,-2.03,-2.58,8.66,2.11,0.58,0.59,0.06,583.99,-1372.35,666.46,10
-2.9,8.74,-3.33,-4.82,10,2,0.43,10.08,-2.7,-2.78,9.33,2.03,0.63,0.76,0.15,577.27,-1367.73,665.83,10
-3.45,9.25,-2.74,-1.25,9.57,1.76,1.05,10.43,-2.47,-1.72,9.72,2.51,0.65,0.74,0.17,572.91,-1363.8,663.18,10
-2.51,8.98,-3.88,-2.07,9.68,1.49,1.01,10.47,-2.74,-2.47,9.61,2.31,0.65,0.75,0.15,573.07,-1363.41,662.85,0
-2.66,9.25,-4.15,-2.07,9.53,2.39,0.7,10.31,-2.66,-1.96,9.64,2.19,0.68,0.73,0.15,572.69,-1362.78,662.34,0
-2.74,9.13,-3.92,-1.88,10.04,3.21,0.86,10.39,-2.62,-1.8,9.8,2.23,0.69,0.72,0.14,572.72,-1363.03,662.15,0
-2.86,9.33,-4,-2.15,9.92,2.74,0.78,10.39,-2.58,-1.76,9.64,2.39,0.67,0.74,0.14,572.92,-1363.25,662.2,0
-2.54,9.25,-4.15,-1.88,9.84,2.23,0.54,10.35,-2.74,-1.92,9.72,2.31,0.67,0.73,0.15,573.03,-1363.15,662.1,0
-2.54,9.25,-4.07,-1.88,9.61,2.27,0.58,10.43,-2.7,-1.88,9.68,2.47,0.67,0.73,0.14,573.07,-1362.72,661.9,0
-2.78,9.37,-4.27,-2.03,9.64,2.51,0.82,10.35,-3.05,-1.92,9.49,2.27,0.69,0.73,0.12,572.83,-1362.55,661.57,0
-2.47,9.13,-4.43,-1.8,9.96,2.66,0.66,10.23,-2.98,-1.21,9.8,2.66,0.7,0.72,0.14,573.49,-1362.67,661.32,0
-3.05,8.55,-5.53,-1.92,9.61,2.23,1.25,11.14,-1.01,-1.84,9.72,2.51,0.64,0.7,0.16,574.76,-1363.97,661.57,0
-5.41,8.35,-8.47,-2.43,9.64,2.03,0.27,8.82,-3.09,0.7,10.43,2.11,0.71,0.7,0.22,572.89,-1364.46,660.94,0
-4.35,4.47,-6.08,-1.88,9.8,2.54,-1.64,7.68,-1.72,0.82,10.04,2.78,0.74,0.64,0.19,570.79,-1368.24,661.79,0
-4,6.35,-5.45,0.7,12.16,2.15,0.62,10.63,-1.76,-2.66,8.35,1.64,0.68,0.83,0.11,567.89,-1379.3,667.97,0
-4.11,7.88,-6.27,0.82,10.19,1.92,0.39,10.9,-1.09,0.78,12.08,3.68,0.45,0.94,0.14,568.45,-1388.02,671.55,0
-4.58,6.43,-7.06,-2.23,9.21,2.19,0.78,10.7,-1.76,-1.01,8.62,2.43,0.44,0.88,0.17,567.08,-1390.95,672.94,0
-6,6.66,-7.37,-2.11,10.86,2.66,1.56,10.7,-2.54,0.19,11.21,4.9,0.6,0.85,0.24,564.56,-1391.02,673.94,0
