d1,d2,d3,d4,d5,d6,d7,d8,d9,d10,d11,d12,target
14.31,3.09,1.01,-7.37,14.51,0.03,0.83,0.07,0.49,171.14,-91.67,104.45,5
2.86,10.9,-5.84,-8.78,9.68,-2.27,0.65,0.04,0.78,237.38,-77.64,135.19,5
4.7,9.41,-6.43,-6.74,10.12,-1.41,1.06,0.33,0.49,213.73,-66.61,139.74,5
5.33,9.33,-6.62,-6.62,8.9,-1.21,0.71,0.06,0.29,190.52,-105.18,97.51,5
5.37,9.68,-7.41,-4.04,10.19,0.86,0.61,0.09,0.4,197.19,-51.73,104.43,5
5.96,11.92,-5.6,-4.11,11.33,-2.03,0.83,0.02,0.72,196.71,-21.62,160.79,5
7.64,13.25,-7.88,-5.6,11.06,-1.45,0.6,0.26,1.07,199.02,-46.04,142.54,5
7.6,13.61,-7.33,-4.74,8.47,0.35,0.48,0.36,1.09,199.84,-66.2,97.2,5
5.09,13.84,-6.66,-5.68,7.02,0.94,0.59,0.28,0.64,209.8,-109.59,80.1,5
3.53,11.92,-5.88,-5.64,8.08,3.76,0.78,0.25,0.64,152.21,-57.68,78.35,5
5.96,11.1,-3.72,-9.8,7.64,2.47,0.66,0.31,0.75,148.33,-27.82,88.63,5
9.02,11.88,-2.03,-16.23,7.45,2.78,0.45,0.23,0.8,125.29,-36.46,85.53,5
11.17,10.31,0,-15.76,7.6,5.02,0.54,0.34,0.66,97.5,-37.33,64.19,5
14.23,13.49,4.19,-17.96,6.23,1.37,0.65,0.58,0.51,48.26,-4.35,39.53,5
14.43,12.67,4.23,-16.16,4.23,0.54,1.02,0.25,0.44,32.94,12.14,22.14,5
12.35,10.98,5.06,-15.8,4.47,0.35,0.9,0.31,0.45,-7.31,15.02,-15.2,5
11.76,10,4.47,-11.72,2.47,-3.72,1.02,0.06,0.31,11.85,32.42,-35.75,5
8.55,6.43,0.62,-9.25,2.54,-4.74,0.92,0.05,0.61,43.37,2.24,4.34,5
7.13,4.51,-1.37,-5.45,0.47,-5.76,0.85,0.09,0.56,45,0.78,-3.25,5
6.31,1.88,-4.66,-4.04,0.15,-7.02,0.7,0.15,0.54,40.47,4.14,-2.04,5
3.8,0,-6.15,-3.64,-2.27,-9.17,0.69,0.26,0.56,25.64,19.74,-5.25,5
4.07,-2.35,-7.64,-1.88,-3.41,-10.04,0.8,0.02,0.7,3.15,8.72,-29.63,5
4.11,-2.35,-6.31,-3.05,-3.45,-7.17,0.77,0.05,0.58,1.59,7.05,-6.02,5
4.39,0.62,0.66,-2.98,-3.92,-3.21,0.83,0.08,0.5,2.04,7.71,-3.69,5
5.02,1.72,5.96,-4.58,-1.09,12.55,0.89,0.01,0.51,6.39,9.94,4.31,5
3.09,2.51,9.49,-2.43,-3.13,8,0.84,0.09,0.48,4.62,2.17,8.65,5
8.39,3.09,19.06,-10.78,12.19,19.49,0.79,0.11,0.46,11.19,-14.29,20.14,5
0.43,-3.68,0.98,-1.64,-6.66,0.66,0.92,0.11,0.52,20.71,-10.24,23.14,5
1.56,-3.05,1.33,0.35,-6.9,-1.6,0.86,0.05,0.59,22.71,6.55,27.84,5
7.21,-3.68,2.15,-2.74,-4.27,2.35,0.69,0.14,0.62,23.33,2.58,31.41,5
1.88,-1.01,4.43,-1.88,-2.23,3.96,0.71,0.07,0.6,18.24,8.1,26.03,5
3.02,0,3.96,0.19,0.62,4.7,0.64,0.11,0.69,-3.74,7.41,28.67,5
1.49,0.7,3.76,-1.52,1.17,4.51,0.78,0.21,0.59,-2.56,-3.45,11.41,5
0.23,2,3.49,-5.06,2.66,5.13,0.84,0.27,0.48,9.83,-17.31,13.62,5
3.33,4.19,2.94,-4.78,3.56,4.51,1.08,0.14,0.44,7.49,-6.92,41.76,5
10.12,6.74,0.98,-9.02,6.7,2.47,0.68,0.19,0.58,11.75,-22.58,23.14,5
19.29,8.39,4.04,-6.98,9.1,1.25,0.81,0.02,0.43,-16.05,0.77,35.12,5
7.21,6.66,2.86,-3.05,15.45,1.41,0.88,0.17,0.39,9.72,-32.28,24.04,5
13.02,13.53,0.47,2.35,20.04,0.11,0.93,0.26,0.31,38.26,-52.5,45.67,5
14.59,14.7,5.92,-4.55,20.04,5.92,1.06,0.26,0.39,71.32,-66.88,67.4,5
10.9,13.76,3.13,-20.08,15.02,4.51,1.13,0.21,0.56,98.18,-103.78,90.35,5
8.7,15.65,2.9,-2.9,12,-1.96,0.96,0.05,0.53,106.83,-118.91,110.99,5
9.64,13.21,0.5,-1.92,11.53,-3.09,0.83,0.11,0.4,153.76,-135.91,114.4,5
8.86,11.8,0.82,-3.37,10.7,-4.04,0.71,0.24,0.45,205.74,-105.09,133.86,5
7.06,10.86,-2.15,-3.21,11.06,-2.58,0.66,0.21,0.61,220.48,-53.11,148.26,5
4.66,10,-1.76,-3.53,10.94,1.05,0.61,0.27,0.78,204.75,-89.88,113.39,5
4.55,9.53,-3.25,0.43,10.15,1.13,0.51,0.27,0.68,193.48,-83.2,106.05,5
6.43,9.92,-5.88,-2.07,9.72,1.13,0.64,0.37,0.57,193.1,-70.95,108.37,5
4.62,9.41,-7.1,-2.27,8.86,1.45,0.61,0.25,0.49,199.74,-42.04,132.28,5
4.04,8.66,-9.17,-1.92,7.41,0.23,0.61,0.13,0.44,192.64,-59.34,152.23,5
3.92,8.9,-9.49,-2.51,6.66,0.82,0.88,0.16,0.37,189.89,-63.86,145.91,5
4.43,10.66,-7.57,-1.17,6.86,-3.09,0.88,0,0.41,183.48,-127.68,124.85,5
3.92,12.31,-5.92,-1.25,10.12,-1.21,1.03,0.15,0.53,182.6,-137.38,94.16,5
5.33,13.45,-7.41,-1.05,12.7,-4.66,1.06,0.16,0.59,229.78,-78.1,94.95,5
4.94,12.7,-8.78,-4.31,14.39,-4.27,1.06,0.09,0.64,252.42,-60.99,117.6,5
4.82,11.53,-9.41,-2.11,13.84,-4.31,0.98,0.1,0.91,252.42,-62.38,142.37,5
4.19,12.35,-10.15,-1.92,14.08,-5.21,1,0.06,0.84,252.42,-103.65,149.83,5
4.47,10.31,-11.72,-1.96,13.57,-4.39,1,0.12,0.78,252.42,-99.39,154.79,5
3.92,10.55,-12.47,-3.33,11.61,-7.25,0.93,0.18,0.83,252.42,-104.07,149.88,5
3.41,9.88,-12.16,-4.19,12,-5.57,0.83,0.18,0.85,252.42,-109.06,153.35,5
3.72,9.96,-10.08,-4.07,10,-7.57,0.75,0.14,0.83,252.42,-111.91,185.59,5
3.64,9.33,-10.12,-4.11,8.23,-6.62,0.67,0.19,0.78,252.42,-119.34,174.08,5
5.02,9.64,-11.21,-4.27,7.57,-6.62,0.58,0.28,0.91,252.42,-98.57,163.71,5
4.19,11.21,-9.68,-4.94,8.27,-6.19,0.42,0.05,0.98,246.81,-90.86,148.05,5
4.31,11.14,-9.84,-5.06,9.37,-4.94,0.5,0.21,0.79,227.8,-91.67,151.05,5
4.23,7.49,-8.31,-4.9,6.35,0.07,0.47,0.05,0.34,203.2,-102.86,70.54,5
3.17,12.82,-8.43,-2.86,11.06,-1.45,1.12,0.78,0.32,252.42,-54.51,166.63,5
5.06,13.72,-8.23,-7.49,13.92,-2.19,0.9,0.23,0.86,143.72,-25.14,173.76,5
9.45,12.23,-6.27,-8.62,11.92,3.02,0.77,0.16,0.54,45.17,9.85,67.77,5
7.33,12.19,-5.25,-9.21,11.84,0.47,0.43,0.1,0.7,136.42,-26.8,5.43,5
12.16,12.43,-2.35,-14.51,10.31,2.03,0.71,0.36,0.76,135.91,-3.33,87.55,5
10.08,9.64,-1.25,-11.88,7.33,2.86,0.94,0.5,0.6,119.86,-28.72,68.22,5
12.27,7.02,-1.72,-11.72,5.25,1.21,0.64,0.31,0.56,119,-43.54,64.28,5
11.84,5.37,-1.41,-11.65,3.64,1.88,0.55,0.33,0.37,116.14,-19.65,44.59,5
11.8,4.43,0,-11.68,3.64,0.7,0.67,0.21,0.56,116.46,0.72,75.02,5
11.14,3.13,-1.25,-8.59,2.94,-1.09,0.66,0.14,0.74,105.4,-4.54,52.59,5
12.59,2.51,0.5,-9.25,2.07,0.86,0.66,0.32,0.71,93.68,3.4,49.26,5
11.45,3.33,0.19,-9.68,0.58,0.66,0.73,0.28,0.71,76.07,7.79,36.28,5
8.15,2.47,0.9,-10.98,0.23,0.54,0.87,0.12,0.64,53.03,-7.01,18.98,5
9.57,2.39,3.33,-7.76,-1.05,0.58,0.65,0.22,0.63,60.33,-20.66,29.38,5
6.94,1.29,3.72,-3.09,-4.15,0.31,0.7,0.16,0.6,40.71,-16.78,23.72,5
6.27,0.82,3.45,-4.62,-6.47,0.66,1.15,0.7,0.32,42.92,-5.77,-30.07,5
4.55,0.9,2.9,-5.17,-6.04,0.78,1.1,0.11,0.56,43.04,-1.93,-34.65,5
3.96,-3.02,1.17,-2.03,-5.76,-3.53,0.9,0.07,0.51,90.1,12.58,65.89,5
4,-5.02,0.78,-1.17,-6,-4.86,0.76,0.13,0.6,61.84,-11.31,19.11,5
3.56,-4.94,0.94,-4.27,-6.39,-6.39,0.72,0.21,0.65,51.68,-23.53,14.82,5
5.88,-3.8,-1.09,-2.19,-7.57,-6.35,0.81,0.11,0.47,36.81,-27.18,9.53,5
2.94,-2.66,0.5,-3.88,-7.49,-5.21,0.79,0.08,0.37,26.56,-38.93,4.27,5
7.92,0.78,1.01,-4.9,-7.37,-1.49,0.92,0.03,0.43,34.81,-15.5,40.7,5
9.17,0.54,6,-8.31,-5.06,7.45,0.88,0.03,0.49,36.71,-22.13,50.64,5
2.78,20.04,11.61,-2.78,19.41,-3.17,0.65,0.1,0.47,19.49,-33.05,48.14,5
3.56,-10.98,1.01,-2.39,-9.33,0.9,0.9,0.17,0.4,19.03,-43.59,48.21,5
6.11,-4.74,10.7,-10.04,-6.82,2.54,0.86,0.16,0.44,26.04,16.95,40.08,5
8.35,-7.41,5.45,-11.1,-8.31,5.37,0.85,0.13,0.58,25.48,20.18,29.9,5
6.86,-7.6,3.41,-6.31,-7.25,4.39,0.89,0.29,0.58,31.37,2.04,28.18,5
5.45,-6.23,4.27,-6.27,-6.59,5.02,0.79,0.31,0.64,33.32,-6.69,35.7,5
4,-5.17,3.96,-4.62,-5.06,5.49,0.72,0.27,0.46,14.35,-16.95,18.28,5
2.9,-4.51,1.96,-5.06,-4.15,5.68,0.74,0.23,0.41,0.09,0.17,6.14,5
1.56,-3.33,1.01,-2.78,-1.52,5.92,0.91,0.19,0.35,0.72,9.85,10.72,5
1.45,-3.29,0.07,-2.15,0.11,5.06,0.97,0.15,0.44,22.36,-15.88,27.15,5
0.11,-4.07,0.98,-1.68,2.27,4.9,0.97,0.13,0.41,46.92,-44.22,41.28,5
0.35,-3.29,0.9,-2.51,4.51,3.88,1.11,0.13,0.23,72.78,-71,63.67,5
1.8,-2.82,0.74,-4.58,7.02,3.02,0.94,0.07,0.4,106.84,-105.64,88.3,5
4.98,-1.92,0.62,-9.02,10.27,3.13,0.92,0.09,0.34,142.55,-80.73,116.99,5
12.39,3.13,6.27,-15.25,15.21,5.29,0.76,0.16,0.45,170.36,-76.3,132.95,5
12.51,4.27,5.88,-11.8,12.59,1.25,0.66,0.13,0.54,174.21,-92.16,120.47,5
12.23,11.33,0.66,-2.58,10.94,0.11,0.67,0.23,0.47,183.85,-90.07,100.76,5
11.84,16.82,1.49,0.39,14.86,3.37,0.57,0.2,0.38,186.65,-61.82,99.9,5
6.08,14.78,5.45,-7.33,18.47,0.27,0.57,0.08,0.49,200.07,-30.26,86.44,5
1.52,12.19,6.04,-10.08,18.43,-3.6,0.85,0.01,0.81,196.68,-5.17,120.52,5
4.15,13.76,7.25,-13.92,19.57,-3.05,1.02,0.23,0.61,226.23,-29.1,168.46,5
4.39,14.9,6.74,-10.51,16.51,-5.09,1.2,0.15,0.45,195.18,-118.15,129.18,5
20.04,9.72,-2.58,-6.27,13.21,-4.82,0.91,0.1,0.67,209.58,-120.61,138.53,5
6.9,14.04,-4.74,-2.07,13.92,-7.41,1.02,0,0.84,211.06,-69.43,169.75,5
10.47,10.55,-7.1,-2.43,18.86,-6.31,1.01,0.21,1.01,190.46,-78.99,143.04,5
9.84,9.84,-2.78,-5.76,13.96,-8.82,0.5,0.68,1.09,211.85,-63.07,191.35,5
14.08,15.96,-6.78,-4.9,12.47,-6.35,0.61,0.09,0.67,252.42,-149.52,248.72,5
14.59,15.1,-11.96,-5.17,9.49,-5.29,0.86,0.03,0.49,252.42,-115.46,241.35,5
8.9,12.27,-13.57,-5.53,9.06,-6.15,1,0.34,0.89,252.42,-116.78,241.08,5
8.94,14.55,-12,-8.15,9.45,-6.27,0.89,0.41,1.21,252.42,-78.59,248.72,5
5.84,14.27,-10.59,-9.17,6.78,-5.25,0.46,0.53,1.68,252.42,-85.37,206.18,5
1.72,13.8,-8.15,-11.06,2.74,-3.96,0.22,0.3,1.77,252.42,-164.59,239.2,5
5.25,13.84,-8.94,-14.9,2.15,-4.43,1.24,0.34,0.91,200.23,-163.32,248.72,5
0.9,9.92,-9.76,-15.72,5.64,-4.43,0.51,0.85,1.4,252.42,23.42,-90.67,5
0.39,9.02,-10.59,-10.04,7.96,-1.84,0.69,0.63,1.26,121.46,69.6,124.45,5
1.76,7.49,-6.94,-5.92,8.43,0.35,1.03,1.19,-1.1,122.35,-88.2,-32.51,5
4.23,8,-5.57,-5.06,9.64,0.15,0.8,0.2,0.02,-86.78,-169.91,181.08,5
3.6,10.78,-3.49,-5.13,10.35,0.03,1,0.08,0.18,69.21,-232.43,248.72,5
8.47,10.15,-4.11,-8.19,9.45,1.13,1.23,0.01,0.86,179.94,-52.8,89.65,5
12.27,10.27,-4,-4.94,7.64,1.72,1.29,0.45,0.59,150.59,-101.18,225.82,5
20.04,12.08,-4.9,-10.31,3.72,1.29,0.83,0.08,0.7,133.61,-47.2,48.69,5
19.92,16.71,0.47,-14.39,1.6,1.6,1.42,0.14,0.85,195.81,21.54,25.32,5
10,14.35,0.07,-13.49,-2.11,0.07,0.83,0.18,0.82,128.39,-99.9,121.53,5
6.62,12.9,2.66,-10.66,-2.98,0,0.64,0.1,0.71,119.29,-48.4,53.95,5
4.23,11.61,0.98,-10.35,0.74,-1.92,0.59,0.1,0.63,91.97,-40.33,65.22,5
2.51,9.53,1.09,-9.06,0.74,-2.62,0.85,0.07,0.41,101.38,-30.52,69.43,5
1.68,6.98,2.11,-8.82,1.92,-1.56,0.76,0.06,0.31,119.81,-23.83,88.49,5
2.9,2.54,0.54,-10.31,2.62,0.98,0.84,0.07,0.47,133.64,-19.33,96.4,5
5.45,0.11,1.96,-9.06,1.01,0.54,0.81,0.04,0.61,141.94,8.81,117.05,5
9.21,-2.47,1.8,-8.55,0.23,0.19,0.67,0.06,0.72,139.76,-14.34,98.79,5
6.19,-5.25,3.96,-8.43,-1.76,0.35,0.54,0.11,0.65,123.45,-9.87,79.79,5
10.15,-4.7,7.06,-8.31,-3.56,0.39,0.65,0.09,0.58,86.94,0.29,44.53,5
8.35,-3.76,6.86,-12.98,-3.8,0.66,0.84,0.06,0.65,62.58,18.9,32.63,5
7.76,-6.11,5.21,-14.2,-4.94,0.11,1.19,0.53,1.04,59.81,59.25,83.08,5
10,-3.88,7.33,-11.17,-5.13,-1.01,1.2,0.53,0.92,127.12,-106.5,150.77,5
6.08,-4.51,5.17,-8.43,-5.57,-1.17,0.45,0.43,0.34,76.91,-66.36,-31.99,5
6.78,-5.84,2.51,-5.88,-6.08,-1.6,0.61,0.18,0.37,65.59,13.98,42.09,5
5.41,-5.88,1.25,-4.43,-7.68,-2.58,0.71,0.42,0.58,34.27,46.85,38.63,5
4.55,-5.64,0.58,-3.25,-8.04,-2.54,0.47,0.42,0.84,30.88,-35.16,37.97,5
4.31,-5.49,0.15,-3.41,-7.6,-2.39,0.72,0.45,0.71,23.52,-16.3,-16.46,5
4.15,-6.23,-1.52,-2.58,-7.96,-3.25,0.85,0.25,0.51,17.59,-5.48,-10.6,5
4.35,-7.49,-3.49,-2.9,-8.59,-4.11,0.82,0.3,0.45,14.12,-14.97,17.63,5
5.02,-7.8,-4.98,-3.68,-8.9,-3.45,0.75,0.34,0.5,27.55,-20.59,27.9,5
5.29,-7.8,-5.92,-4.66,-8.47,-2.43,0.74,0.3,0.55,26.87,-12.35,25.72,5
5.29,-6.11,-4.58,-5.57,-7.84,0.58,0.72,0.32,0.58,12.08,-6.33,24.99,5
3.53,-4.74,-1.64,-3.88,-6.74,2.62,0.75,0.29,0.49,2.36,-17.19,22.42,5
5.13,-4.51,3.09,-5.72,-3.64,6.9,0.79,0.35,0.43,-12.15,-18.14,10.04,5
0.58,0.58,0.82,1.92,-8.15,-9.45,0.67,0.37,0.48,-8.63,-15.43,20.77,5
10.55,-9.64,-1.56,-20.08,-9.64,0.82,0.68,0.25,0.6,-19.99,-27.23,17.84,5
3.6,-8.82,0.78,-2.51,-6.11,0.31,0.98,0.41,0.43,-5.57,-14.45,3.71,5
6,-6.51,5.68,-8.15,-2.11,7.8,0.86,0.31,0.52,10.77,0.96,8.22,5
3.09,-7.25,1.09,-6.82,-5.41,4.07,0.75,0.3,0.49,15.15,-20.05,19.28,5
4,-5.33,0.39,-2.98,-2.27,5.37,0.66,0.25,0.49,17.32,-25.51,15.59,5
1.96,-3.92,0.03,-3.6,-2.07,5.8,0.76,0.34,0.54,16.33,-19.64,20.05,5
0.94,-2.9,1.41,-1.64,0.43,6.08,0.94,0.38,0.44,15.47,-15.29,24.2,5
1.21,-3.05,0.78,-2.15,1.09,6.94,0.94,0.36,0.35,34.44,-41.04,17.94,5
2.7,-1.56,2.74,-4.07,4.66,7.1,0.94,0.2,0.23,52.53,-56.59,59.34,5
6.62,0.11,5.02,-6.19,6.55,6.15,0.86,0.17,0.29,54.39,-72.27,53.38,5
12.27,0.19,4.39,-9.25,9.17,3.72,0.7,0.32,0.29,83.3,-74.37,66.36,5
11.84,2.15,1.92,-7.53,11.33,1.72,0.71,0.3,0.36,99.34,-65.89,64.38,5
10.94,5.45,1.72,-7.25,13.8,1.21,0.67,0.38,0.55,110.65,-56.21,68.59,5
13.65,7.68,4.31,-5.88,14.51,2.47,0.74,0.41,0.66,110.46,-86,41.62,5
10.43,9.13,5.33,-4.55,16.35,2.43,0.73,0.5,0.35,91.77,-49.23,35.3,5
7.53,9.92,6.11,-8.08,17.41,1.37,0.88,0.36,0.43,90.34,-45.31,46.26,5
7.13,9.72,4.78,-4.9,17.57,1.6,0.94,0.31,0.37,86.22,-52.07,37.79,5
5.53,9.8,3.21,-5.06,16.71,-1.72,0.95,0.33,0.26,90.59,-70.82,35.97,5
4.58,9.96,2.78,-6.86,15.33,-1.01,0.98,0.33,0.28,112.2,-60.09,65.09,5
3.68,10.55,3.29,-4.15,13.76,-2.54,0.99,0.23,0.27,111.06,-32.47,70.4,5
4.74,10.78,0.74,-3.64,11.96,-2.58,0.9,0.25,0.31,105.24,-44.52,64.66,5
7.49,11.14,0.94,-3.09,10.86,-2.43,0.91,0.24,0.28,111.43,-54.42,59.17,5
4,10.78,1.88,-3.02,11.06,-1.76,0.93,0.23,0.29,125.46,-40.65,67.49,5
5.06,11.02,0.23,-2.39,10.74,-1.21,0.98,0.27,0.36,124.19,-36.27,73.62,5
6.11,11.21,0.23,-2.39,10.59,0.58,0.94,0.22,0.37,124.44,-46.49,69.48,5
5.41,10.78,-1.52,-2.07,10.19,0.07,0.88,0.2,0.37,132.91,-57.29,65.23,5
5.96,10.31,-3.21,-2.15,9.49,0.5,0.87,0.2,0.34,146.18,-48.82,75.72,5
5.8,10.08,-4,-1.88,10.27,1.09,0.91,0.12,0.44,157.86,-46.87,83.95,5
6.43,10.51,-5.45,-1.17,10,0.98,0.87,0.19,0.39,171.07,-56.23,89.6,5
6.51,10.63,-5.72,-2.39,9.8,0.47,0.91,0.1,0.44,183.88,-63.14,97.72,5
6.51,11.17,-6.31,-3.17,10.23,0.27,0.9,0.11,0.48,197.2,-65.82,101.8,5
6.39,11.68,-4.98,-4.66,10.23,0.43,0.88,0.19,0.63,214.25,-75.25,109.85,5
6.43,11.41,-4.47,-5.06,9.29,-1.52,0.84,0.16,0.65,225.49,-84.79,119.24,5
5.96,11.06,-4.47,-6,8.31,-1.92,0.83,0.04,0.69,229.8,-92.81,119.09,5
5.45,10.59,-3.72,-7.17,7.96,-1.8,0.76,0.04,0.72,226.35,-95.96,113.87,5
5.13,9.76,-3.37,-7.49,7.06,-2.74,0.74,0.02,0.72,219.3,-92.34,106.93,5
4.55,9.72,-2.62,-7.45,7.29,-2.47,0.76,0.04,0.74,210.86,-85.33,107.49,5
4.31,11.1,0.78,-7.49,7.33,-2.66,0.83,0.05,0.69,199.66,-86.52,98.34,5
5.33,10.51,-2.19,-8.15,7.64,-1.96,0.81,0.02,0.54,205.67,-93.36,100.77,5
6.66,9.53,-2.43,-7.25,8.59,-1.96,0.87,0.11,0.51,247.55,-86.3,126.34,5
6.04,8.47,-1.33,-6.94,8.9,-2.66,0.82,0.15,0.63,242.52,-65.15,149.32,5
7.17,8,-1.68,-6.94,8.08,-2.39,0.63,0.18,0.81,205.13,-98.65,119.83,5
7.21,7.57,-2,-6.7,7.76,0.5,0.58,0.11,0.87,196.49,-101.11,102.37,5
7.88,8,0.86,-6.62,6.86,-1.17,0.78,0.09,0.63,200.07,-75.24,105.99,5
9.02,8.11,0.47,-7.6,5.84,-2.31,0.8,0.24,0.64,185.3,-75.34,87.03,5
8.66,7.57,0.39,-7.53,5.09,-2.07,0.8,0.35,0.61,183.02,-85.71,87.96,5
8.9,7.72,0.15,-7.96,4.66,-1.96,0.73,0.21,0.62,169.88,-73.59,88.29,5
8.39,6.98,0.11,-9.68,4.62,-2.39,0.74,0.19,0.58,154.36,-61.43,81.48,5
8.94,6.47,0.47,-9.25,4.39,-1.76,0.75,0.27,0.55,137.39,-53.25,69.37,5
10.55,7.1,0.35,-10.08,3.88,-1.56,0.8,0.29,0.54,129.49,-49.97,66.15,5
10.63,7.45,0.66,-13.14,4.62,-2.47,0.73,0.29,0.55,117,-47.78,61.43,5
11.68,7.88,1.17,-10.47,4.43,-1.29,0.76,0.31,0.6,110.88,-39.92,51.72,5
9.49,8.19,1.21,-10.04,3.92,0.23,0.8,0.35,0.6,110.98,-19.6,51.63,5
8.51,7.02,1.13,-10.12,2.78,0,0.73,0.32,0.46,91.87,-22.03,38.82,5
8.59,7.45,3.29,-9.57,1.64,0.11,0.94,0.36,0.26,94.55,-19.17,49.44,5
6.62,6.66,3.92,-10.94,1.49,0.39,0.87,0.53,0.4,113.49,-58.88,20.17,5
6.19,5.13,4.62,-11.1,2.47,0.35,1.03,0.32,0.3,128.16,9.48,73.09,5
5.33,2.19,3.96,-10.15,1.49,0.03,0.99,0.26,0.46,92.65,-7.37,42.55,5
9.64,0.78,5.45,-11.45,0.62,0.43,0.97,0.27,0.43,84.26,-17.17,33.44,5
8.47,-2.23,7.41,-10.9,0.11,0.82,0.92,0.36,0.41,77.54,-14.08,18.34,5
11.29,-2.51,6.74,-11.8,0.35,0.94,0.77,0.3,0.33,65.62,-19.07,19.5,5
11.41,-2.58,7.37,-10.86,-1.52,0.11,0.8,0.25,0.34,57.96,0.91,21.75,5
10.15,-2.86,5.13,-10.04,-2.51,0.15,0.87,0.26,0.39,57.13,0.67,22.06,5
11.14,-2.47,3.45,-9.33,-3.84,-1.29,0.93,0.21,0.42,67.88,-14.52,22.68,5
10.39,-1.37,3.25,-8.47,-4.23,-1.52,0.89,0.15,0.36,82.55,-16.23,23.43,5
7.84,-2.07,1.29,-7.17,-4.39,-1.92,1.19,0.02,0.42,85.6,-11.8,16.89,5
6.08,-3.92,-1.01,-6.39,-5.06,-4.39,0.85,0.1,0.38,114.24,13.97,49.62,5
5.09,-4.55,-2.43,-5.57,-5.72,-5.02,0.72,0.11,0.42,74.51,42.79,59.94,5
3.64,-5.09,-3.53,-5.21,-7.37,-5.17,0.72,0.23,0.48,58.66,-23.68,5.21,5
4.58,-4.39,-4.7,-5.21,-8.19,-4.51,0.88,0.34,0.46,41.74,-17.24,5.03,5
6.47,-4.04,-6.04,-5.45,-8.19,-2.7,1.06,0.26,0.52,36.17,17.65,26.65,5
8.08,-3.72,-5.02,-6.82,-6.66,0,0.85,0.11,0.63,32.53,3.5,23.76,5
9.64,-2.54,-2.47,-6.04,-5.64,3.68,0.75,0.19,0.53,22.28,-6.2,20.72,5
10.27,-1.33,3.02,-5.49,-5.45,5.84,0.83,0.22,0.5,31.89,8.4,28.34,5
11.1,0.03,7.41,-8.98,-4.31,4.78,0.82,0.29,0.61,35.46,13.26,43.65,5
19.29,0.35,10.55,-20.08,-2.15,9.72,0.7,0.31,0.54,18.8,-23.4,31.68,5
9.45,-9.61,-1.56,1.72,-8.47,0.07,0.82,0.43,0.53,15.78,-27.71,25.01,5
8.62,-5.09,6.51,-5.64,-2.94,6.47,0.75,0.26,0.45,20.93,11.89,19.4,5
5.6,-5.76,2.39,-7.57,-4.07,6.23,0.74,0.25,0.45,19.48,4.92,16.56,5
1.84,-3.6,1.09,-3.41,-2.54,3.64,0.81,0.27,0.45,27.25,-6.84,17.25,5
1.29,-1.17,1.45,-2.9,-1.45,4.15,0.82,0.23,0.51,22.65,-5.88,17.67,5
0.11,0,1.52,-1.76,0.03,5.06,0.82,0.24,0.45,14.75,-7.17,12.67,5
0.47,1.01,0.98,-2.43,0.47,4.7,0.8,0.26,0.4,11.69,-7.48,12.27,5
0.19,2.54,1.41,-1.68,0.39,3.49,0.86,0.28,0.33,16.43,-9.44,10.59,5
0.31,4.62,1.52,0.15,0.78,1.72,0.85,0.33,0.61,24.42,-27.94,12.89,5
5.06,9.41,2.03,-4.39,5.02,0.03,0.82,0.31,0.39,18.97,-2.3,-3.77,5
11.65,11.29,1.33,-9.25,7.37,0.31,0.81,0.26,0.51,15.82,7.63,-6.11,5
3.45,15.65,-1.88,-8.31,12.27,1.17,0.78,0.2,0.59,0.91,9.53,-3.22,5
7.45,20.04,0.78,-5.29,18.51,0.62,0.87,0.23,0.55,-9.44,0.68,-10.04,5
8.55,20.04,2.98,-1.72,20.04,6.04,0.85,0.24,0.46,-8.02,0.14,-18.75,5
18.39,20.04,4.27,-7.02,20.04,8.51,0.87,0.2,0.79,8.36,3.67,-16.11,5
10.66,10.15,0.27,-5.25,8.27,2.98,0.9,0.25,0.62,-4.14,5.47,1.66,5
4.66,11.41,0.74,-4.27,8.98,0.54,0.72,0.25,0.42,-11.68,-49.14,-12.14,5
0.82,11.41,0.58,-2.54,9.21,0.03,0.85,0.17,0.33,-18.11,-4.53,-21.63,5
2.58,9.68,0.31,-7.57,8.78,0.39,0.96,0.11,0.49,-20.58,45.35,19.39,5
6.27,9.37,0.39,-5.13,10.39,1.37,0.9,0.21,0.46,0.53,18.18,9.74,5
6.59,9.17,0.03,-3.02,10.35,1.09,0.89,0.28,0.42,13.04,-35.56,-1.72,5
3.68,9.53,0.39,-1.64,10.31,2.7,0.86,0.26,0.49,3.8,-3.99,9.63,5
1.41,9.84,0.94,0.19,9.64,3.53,0.74,0.21,0.49,-24.92,12.24,0.65,5
2.11,9.53,0.39,0.15,10,3.41,0.8,0.17,0.49,-21.3,-4.28,-12.41,5
2.15,9.84,0.19,-1.33,9.96,2.58,0.85,0.22,0.44,-14.55,-3.96,-8.45,5
2.7,9.88,0.03,-1.41,9.68,1.88,0.88,0.22,0.4,-4.2,1.46,2.25,5
2.94,10.08,0.15,-1.56,9.84,1.6,0.85,0.17,0.45,-2.39,0.05,0.43,5
3.45,10,0.15,-1.96,10.15,1.68,0.85,0.16,0.47,-8.18,-5.5,-2.92,5
3.29,9.45,0.15,0.19,10.04,2.11,0.88,0.16,0.4,-7.53,-10,1.6,5
3.09,8.7,0.07,0.58,9.72,2,0.91,0.14,0.34,2.93,-14.31,12.64,5
3.17,8.31,0.54,0.15,9.29,1.84,0.94,0.12,0.37,17.78,-26.77,25.96,5
3.05,8.35,0.74,0.62,10.19,2.35,0.99,0.09,0.29,35.03,-27.85,37.73,5
4.23,8.39,-1.29,0.23,10.86,2.43,0.97,0.13,0.39,58.88,-41.44,61.97,5
4.9,9.41,-1.29,0.23,11.53,2.9,0.91,0.2,0.44,92.46,-51.29,80.76,5
5.29,9.25,-1.21,0.27,11.21,3.25,0.86,0.24,0.44,106.3,-57.71,82.3,5
5.25,9.49,-1.45,0.47,11.37,3.49,0.86,0.26,0.51,113.47,-64.25,80.47,5
5.76,10.7,-1.72,0.07,11.65,3.56,0.81,0.28,0.56,115.26,-59.03,81.75,5
5.09,10.35,-1.96,0.15,10.15,3.33,0.77,0.36,0.49,111.49,-67.29,76.83,5
5.13,10.27,-2.98,0.9,9.06,2.66,0.71,0.3,0.54,105.95,-68.63,63.53,5
5.02,10.51,-3.17,-1.13,8.82,2.62,0.59,0.48,0.45,111.02,-45.41,50.39,5
4.19,9.61,-2.9,-1.17,8.55,2.43,0.65,0.47,0.32,130.47,-23.96,60.52,5
4.07,8.08,-3.8,-1.88,8.35,1.21,0.98,0.25,0.27,124.85,-53.4,83.84,5
4.43,7.92,-4.98,-3.09,11.1,2.35,1.24,0.07,0.13,131.2,-79.59,57.95,5
7.49,8.78,-4.66,0.82,12.82,1.25,0.81,0.04,0.52,190.64,-65.52,129.45,5
9.21,8.19,-4.15,-3.09,10.59,-1.88,0.67,0.14,0.43,228.51,-68.55,108.85,5
9.02,10,-4.51,-4.9,7.45,-3.53,0.69,0.08,0.3,237.11,-59.76,71.67,5
6.66,11.14,-3.84,-5.09,9.72,-1.8,0.63,0.23,0.73,236.51,33.14,49.44,5
4.66,13.21,-1.45,-4.47,12.08,-1.92,1.49,0.08,0.78,252.42,36.32,180.81,5
5.6,12.47,-1.29,-4.04,10.98,-1.05,1.07,0.16,1.08,208.2,-82.43,102,5
7.57,10.35,-3.96,-2.82,13.1,0.03,1.04,0.01,0.75,226.54,-106.37,104.48,5
6.47,10.12,-3.37,-4.07,11.33,-3.45,0.69,0.23,0.77,233.21,-45.68,130.74,5
6.35,9.33,-3.88,-6.74,9.88,-1.05,0.54,0.13,0.56,203.11,-32.16,139.79,5
6.82,8.82,-4.78,-5.92,8.35,-3.6,0.75,0.1,0.71,230.69,-76.86,137.19,5
6.04,9.45,-2.74,-6.59,7.72,0.62,0.71,0.04,0.71,233.96,-80.34,142.62,5
5.6,8.74,-2.94,-5.57,9.53,1.88,0.82,0,0.67,233.52,-59.13,160.81,5
6.19,9.45,-3.8,-6.19,10.35,4.51,0.86,0.07,0.83,217.65,-72.01,154.49,5
6.51,10.15,-2.82,-5.64,9.45,2.78,0.77,0.07,0.77,203.62,-64.18,136.18,5
6.11,9.53,-3.05,-3.33,9.8,0.62,0.73,0.06,0.53,207.42,-74.31,138.04,5
5.8,9.49,-2.86,-4.19,10.98,0.9,0.79,0.08,0.47,215.29,-84.72,146.7,5
6.08,10.35,-2.66,-3.21,11.72,1.52,0.79,0.23,0.59,220.5,-64.52,156.43,5
7.57,10.35,-3.05,-4,11.21,1.49,0.73,0.03,0.65,198.2,-65.33,131.45,5
8.59,11.37,-2.54,-4.19,11.53,0.94,0.82,0.31,0.66,205.56,-65.23,147.31,5
9.37,13.1,-3.33,-5.88,13.21,1.13,0.79,0.34,0.83,230.7,-73.64,145.34,5
10.94,11.33,-3.33,-5.88,12.35,2.27,0.55,0.07,0.87,209.38,-53.75,144.1,5
11.06,9.37,-3.17,-5.29,10.15,2.94,0.57,0.08,0.82,180.19,-59.35,115.3,5
12.27,8.66,0.54,-8.74,10.08,3.49,0.62,0.25,0.7,173.3,-57.14,105.66,5
12.59,8.23,0.39,-9.49,8.7,2.58,0.73,0.25,0.7,179.27,-46.09,108.7,5
12.55,8.55,-1.29,-9.8,6.66,1.52,0.7,0.2,0.77,183.81,-39.66,111.27,5
12.63,8.35,0.35,-11.61,5.92,2.15,0.62,0.11,0.87,164.16,-45.14,110.85,5
12.16,7.72,0.11,-8.78,4.19,2.35,0.67,0.1,0.81,151.73,-59.86,103.44,5
12.16,7.45,0.74,-8.82,3.33,1.52,0.67,0.1,0.69,135.18,-50.55,81.18,5
12.39,7.49,0.27,-10.08,2.47,1.01,0.6,0.11,0.69,129.82,-30.64,67.42,5
11.96,8.19,0.58,-9.29,1.72,1.64,0.61,0.17,0.74,122.86,-8.14,59.05,5
11.41,8.94,-1.84,-10.08,0.47,0.03,0.73,0.44,0.69,139.75,4.37,66.15,5
9.96,9.29,-1.72,-10.31,0.98,0.7,0.97,0.34,0.68,118.23,-19.3,89.17,5
8.23,10.63,3.49,-10.12,-1.6,-1.21,0.91,0.46,0.71,55.37,-44.1,156.8,5
5.53,6.19,4.47,-10.31,-3.05,-1.45,0.67,0.28,0.51,49.95,-27.11,-1.01,5
7.13,1.05,7.68,-8.74,-4.07,0.78,0.81,0.17,0.36,39.26,21.68,2.48,5
2.82,-4.9,9.1,-9.84,-4.47,0.19,0.95,0.24,0.71,47.04,1.46,33.24,5
4.11,-7.41,8.11,-7.45,-4.43,0.74,0.88,0.33,0.64,27.7,-19.67,15.71,5
2.19,-6.7,6,-5.88,-5.13,-3.13,0.68,0.06,0.41,30.59,-12.45,20.2,5
4,-5.76,2.15,-5.25,-6,-4.62,0.82,0.06,0.28,19.81,-7.26,2.43,5
1.88,-7.49,-5.57,-4.07,-7.1,-6.11,0.84,0.08,0.45,51.59,15.28,31.53,5
5.68,-7.41,-11.02,-2.54,-6.9,-10.43,0.76,0.25,0.48,45.74,7.67,24.27,5
6.94,-6.31,-13.65,-2.74,-8.04,-11.65,0.7,0.13,0.41,57.82,-1.64,10.69,5
8.82,-4,-10.47,-3.25,-7.68,-9.45,0.75,0,0.55,54.33,6.71,19.27,5
8.9,-2.82,-7.25,-4.9,-7.1,-4.55,0.87,0.23,0.75,52.53,26.63,40.42,5
12.9,0.15,3.68,-9.57,-3.92,5.33,0.89,0.61,0.86,67,45.63,75.85,5
7.29,0.54,6.66,-7.57,-2.47,8.43,0.57,0.37,0.73,15.3,-11.51,9.29,5
-5.06,10.86,18.71,-4,-4.86,20.04,0.57,0.26,0.46,-12.64,-21.56,-3.19,5
18.67,-20.08,-11.84,-20.08,-17.76,0.66,0.6,0.17,0.49,12.67,-30.12,9.12,5
2.51,-10.59,1.96,-1.33,-9.29,0.07,0.98,0.54,0.46,39.98,4.37,26.89,5
4.98,-7.06,9.13,-5.33,-5.21,11.37,0.83,0.33,0.6,38.45,28.8,28.92,5
0.15,-7.37,2.54,-4.7,-6.51,5.37,0.77,0.27,0.64,17.65,-15.86,26.42,5
2.78,-4.23,2.27,-2.27,-4.55,5.21,0.66,0.23,0.6,-2.41,-14.9,7.1,5
1.76,-2.23,2.98,-2.98,-2.35,7.17,0.71,0.28,0.63,-6.97,-24.66,12.4,5
0.47,-1.21,2,-3.68,-1.45,6.47,0.74,0.23,0.57,-5.63,-23.98,12.65,5
0.03,0.7,1.68,0.86,0.98,5.57,0.78,0.23,0.57,-1.53,-11.15,9.03,5
0.54,2.19,0.54,0.58,0.5,4.94,0.8,0.27,0.53,0.21,-5.25,10.7,5
0.03,5.21,0.9,0.35,3.02,4,0.74,0.29,0.55,-3.42,-14.39,6.06,5
3.88,9.13,2.03,-3.09,5.09,1.37,0.75,0.23,0.6,6.47,-34.12,14.01,5
9.25,11.8,1.41,-10.23,8,1.29,0.83,0.24,0.56,-10.75,-6.24,2.14,5
8.78,14.9,0.43,-4.94,11.25,2.98,0.82,0.27,0.49,-13.76,-12.49,4.83,5
8.47,20.04,3.88,-2.51,19.61,2.82,0.85,0.2,0.53,-18.47,-15.97,7.67,5
14.51,20.04,4.07,-5.88,20.04,4.82,0.82,0.19,0.55,-18.37,-11.9,8.31,5
10.27,17.61,2.27,-5.45,20.04,4.94,0.8,0.32,0.52,-7.39,-14.48,7.05,5
8.23,12.7,2.66,-6.19,17.84,5.45,0.88,0.33,0.47,-8.97,-20.83,4.01,5
5.68,10.47,1.37,-8.86,10.31,0,0.84,0.3,0.37,-7.64,-36.1,7.5,5
5.72,10.27,0.27,-8.08,10.55,0.35,0.86,0.14,0.34,-8.1,-32.88,12.16,5
6.43,9.68,0.78,-6.98,9.64,0.15,0.87,0.29,0.19,21.05,-13.08,32.82,5
6.43,9.33,0.86,-5.92,8.66,0.03,0.88,0.36,0.36,44.02,-26.97,46.96,5
7.45,9.68,0.03,-3.92,8.66,1.45,0.88,0.4,0.39,43.69,-26.23,40.86,5
6.62,10,-1.8,-2.51,9.02,1.92,0.85,0.43,0.43,40.17,-39.22,33.54,5
8,10.98,-2.54,-2.43,9.57,2.03,0.78,0.42,0.44,29.31,-46.65,28.6,5
4.51,12.19,-3.05,-2.43,10.23,3.37,0.82,0.43,0.35,32.16,-38.33,20.52,5
0.31,10.35,-2.27,-1.72,10.23,4.23,0.85,0.38,0.22,49.66,-37.8,19.98,5
0.62,9.29,-2.15,1.13,9.41,4.39,0.81,0.29,0.19,71.55,-42.4,19.23,5
0.54,8.43,-2.47,2.19,9.8,3.92,0.77,0.26,0.21,95.54,-32.64,34.83,5
1.68,8.39,-2.54,0.27,9.88,3.64,0.77,0.23,0.25,118.32,-25.49,55.79,5
2.15,8.82,-2.23,0.19,10.35,3.45,0.79,0.24,0.31,137.94,-33.01,71.38,5
3.13,9.17,-2.47,0.23,10.55,4.23,0.9,0.14,0.51,147,-34.94,72.25,5
3.96,9.68,-2.31,0,10.15,4.15,0.88,0.29,0.43,164.13,-38.33,82.8,5
3.88,10.66,-1.68,0.03,10.19,3.37,0.74,0.39,0.67,170.52,-41.27,106.65,5
5.53,12.31,0.35,-1.17,9.76,2.47,0.77,0.25,0.55,154.06,-58.79,87.93,5
2.82,10.63,-1.6,-1.45,8.94,2.94,0.93,0.13,0.49,118.16,-95.27,43.11,5
7.33,11.29,-3.17,0.11,10.12,1.37,0.98,0.08,0.36,138.42,-71.81,42.56,5
4.47,10.47,-4.86,0.5,10.98,0.82,0.98,0.03,0.35,186.27,-62.61,92.27,5
3.33,8.43,-4.9,-1.8,9.76,-1.88,0.94,0.05,0.3,191.36,-54.37,98.59,5
2.03,8.7,-5.88,-2.43,11.17,-2.23,0.74,0.06,0.56,180.47,-74.66,71.43,5
2.82,10.63,-6.11,1.41,12.55,-1.45,0.91,0.1,0.53,182.63,-57.41,74.11,5
4.94,11.02,-4.86,1.68,12.35,-6.47,1.01,0.02,0.57,182.51,-34.03,88.93,5
3.68,11.25,-4.58,1.45,13.88,-5.21,0.98,0.01,0.6,187.66,-48.72,104.34,5
2.98,11.65,-4.11,0.82,14.67,-5.37,1.03,0.07,0.55,199.76,-66.23,116.47,5
4.47,12.16,-5.33,0,15.14,-5.57,0.95,0.04,0.63,192.72,-61.88,120.25,5
3.8,12.51,-5.53,0.47,15.14,-5.37,0.99,0.03,0.65,209.65,-61.93,123.24,5
2.58,11.92,-6,-4.9,14.12,-5.84,0.9,0.17,0.72,221.94,-45.14,130.31,5
3.37,11.8,-5.88,-2.82,12.12,-5.33,0.88,0.22,0.85,236.17,-51.22,154.18,5
2.86,11.76,-6.04,-5.02,10.55,-5.45,0.79,0.09,0.83,209.94,-64.97,141.96,5
2.47,12,-7.25,-5.8,9.68,-4.66,0.79,0.07,0.76,187.75,-78.28,110.86,5
2.11,11.17,-7.02,-6.51,8.94,-4.23,0.8,0.01,0.61,195.36,-60.64,116.08,5
1.56,10.94,-4.58,-6.98,8.51,-3.6,0.84,0.16,0.6,193.83,-57.57,120.11,5
-1.37,11.61,-3.72,-7.33,5.25,-3.09,0.84,0.19,0.65,199.52,-83.89,122.73,5
0.58,12.7,-2.23,-7.64,5.8,-1.56,0.72,0.09,0.59,201.81,-105.37,113.3,5
2.74,9.61,-1.52,-5.25,9.25,0.98,0.76,0.17,0.51,204.81,-98.3,92.03,5
0.7,7.84,-1.96,-4.66,8.82,-1.25,0.57,0.13,0.55,192.77,-75.3,87.64,5
0,7.29,-3.17,-3.84,9.68,0.78,0.52,0.18,0.56,157.39,-80,94.66,5
0.74,7.84,-4.19,-2.51,11.41,1.25,0.8,0.28,0.53,137.13,-84.05,97.21,5
2.23,11.06,-4.7,-3.13,13.37,0.58,1,0.36,0.49,166.09,-73.04,103.14,5
4.19,10.78,-6.43,-3.09,12.67,2.23,1.06,0.27,0.45,163.37,-84,101.22,5
6.47,8.74,-6,-2.43,10.63,2.47,0.87,0.26,0.39,189.54,-108.96,115.4,5
6.04,9.29,-6.74,-2.51,9.8,2.62,0.79,0.2,0.26,213.56,-105.2,120.25,5
5.21,9.53,-6.74,-2,10,2.54,0.77,0.19,0.36,228.71,-74.02,121.97,5
7.17,10.35,-7.84,-1.09,10.59,2.15,0.69,0.2,0.52,227.77,-49.34,110.77,5
7.25,11.21,-7.72,-1.88,10.27,1.49,0.67,0.13,0.66,224.1,-42.52,114.99,5
6.47,13.1,-7.72,-2.47,10.04,0.39,0.61,0.31,0.71,217.49,-50.71,93.4,5
7.53,16.04,-7.1,-4.43,10.31,0.94,0.68,0.37,0.78,207.43,-33.13,90.08,5
6.9,17.02,-5.17,-7.72,10.7,-1.72,0.67,0.4,0.73,191.75,-28.86,93.08,5
5.13,13.25,-4.9,-7.76,9.57,-1.33,0.75,0.25,0.9,165.46,-110.62,87.77,5
6.94,10.12,-4.19,-8.9,8.59,-1.09,0.54,0.4,0.61,107.21,-51.01,28.39,5
6.11,8.59,-3.53,-9.29,7.45,-1.72,0.61,0.35,0.57,100.53,-17.33,39.34,5
7.49,8.15,-2.98,-10.27,5.09,-1.88,0.67,0.37,0.61,94.04,6.7,34.53,5
6.78,8.47,-2.47,-11.53,2.54,0.94,0.7,0.4,0.53,74.52,-2.37,20.08,5
8.47,6.35,-1.52,-12.12,0.74,0.54,0.77,0.28,0.53,67.66,-14.33,24.91,5
10.78,5.88,0.47,-12.51,0.19,0.23,0.64,0.44,0.7,-7.19,3.86,17.56,5
10.27,3.53,2.43,-13.37,0.43,1.37,0.86,0.17,0.55,42.75,2.99,18.38,5
11.68,2.94,5.06,-13.88,1.09,0.5,1.02,0.3,0.73,49.49,7.07,-10.38,5
11.53,2.03,4.9,-12.7,0.31,0.82,0.9,0.29,0.71,36.23,0.68,8.56,5
10,1.29,5.02,-10.86,0.31,0.9,0.65,0.18,0.71,16.26,-13.01,-5.91,5
8.94,0.27,4.07,-10,-1.21,0.27,0.74,0.12,0.53,-26.48,18.27,-10.06,5
6.94,0.86,1.56,-7.68,-1.96,-1.68,0.86,0.04,0.45,0.84,-9.14,-12.32,5
5.41,-1.49,0.31,-6.62,-2.58,-2.82,0.91,0.12,0.53,24.47,-10.97,0.37,5
5.45,-2.82,-1.84,-5.8,-3.09,-3.76,0.96,0.08,0.45,23.14,7.98,33.2,5
3.56,-4.78,-4.07,-4.62,-3.76,-4.55,0.81,0.12,0.62,33.02,-4.96,35.7,5
6,-5.33,-5.33,-3.76,-5.09,-4.58,0.66,0.12,0.6,30.36,4.85,18.03,5
4.07,-7.33,-8.19,-4.04,-6.15,-4.23,0.84,0.22,0.59,31.15,19.19,17.79,5
7.64,-5.84,-6.31,-4.27,-6.35,-2.82,1.01,0.56,0.67,39.98,21.87,40.27,5
6.94,-3.21,-2.82,-5.6,-3.53,2.74,0.71,0.2,0.49,10.13,1.31,12.65,5
7.45,0.82,2.58,-6.43,-1.41,12.08,0.71,0.31,0.48,-5.37,-23.52,0.99,5
-1.88,20.04,20.04,14.16,20.04,20.04,0.7,0.31,0.4,5.37,-26.97,15.13,5
-1.29,-18.67,-9.29,-16.59,-13.88,2.98,0.73,0.34,0.48,17.28,-21.56,21.16,5
-2.47,-5.84,7.76,-3.6,-5.06,2.9,0.81,0.41,0.51,27.81,16.18,5.95,5
4.51,-6.98,4.19,-8.62,-6.31,6.59,0.84,0.33,0.63,11.02,20.08,10.16,5
1.64,-6.35,1.88,-5.8,-6.43,4.51,0.79,0.31,0.58,7.27,-30.82,8.51,5
3.17,-4.47,2.39,-3.56,-4.27,5.64,0.74,0.27,0.44,7.32,-37.77,0.61,5
2.54,-2.86,2.39,-4.11,-1.68,7.06,0.76,0.29,0.45,16.1,-7.45,9.05,5
1.92,-1.76,2.47,-4.27,-1.29,6.35,0.77,0.31,0.51,9.01,-3.31,13.25,5
0.74,0,2.47,-2.11,-1.56,4.94,0.82,0.3,0.53,9.91,-11.91,8.76,5
1.29,2.15,2.51,-2.47,-1.17,2.7,0.9,0.25,0.56,6.86,-18.65,1.05,5
0.11,4.86,3.09,0.66,2.43,2.78,0.79,0.34,0.41,4.71,0.31,2.51,5
5.29,7.68,4.04,-5.45,4.58,2.74,0.82,0.25,0.51,14.64,-17.66,7.24,5
9.37,10.12,3.88,-7.37,6.9,3.96,0.84,0.27,0.53,-7.55,-7.46,-1.67,5
7.53,13.06,0.94,-5.92,9.57,3.45,0.88,0.19,0.48,-2.21,-7.35,7.33,5
8.04,17.06,1.84,-2.7,16.43,2.54,0.85,0.23,0.46,2.52,-12.46,3.63,5
9.53,20.04,3.45,-2.15,20.04,3.02,0.87,0.14,0.43,8.16,-4.33,15.47,5
12.59,19.22,5.06,-8.66,20.04,4.94,0.93,0.19,0.62,12.08,1.36,19.44,5
7.41,15.02,5.96,-10.19,19.02,2.19,0.92,0.26,0.66,27.03,-21.39,33.15,5
0.07,11.92,5.09,-3.09,10.43,2.62,0.91,0.21,0.5,26.55,-74.19,39.33,5
5.96,11.21,6.15,-1.17,9.96,2.86,0.73,0.23,0.34,52.39,-101.45,43.3,5
8.39,10.47,4.62,-1.76,9.84,0.94,0.87,0.25,0.06,84.49,-46.3,84.45,5
8,10.08,3.17,-4.74,10.04,0.23,1,0.19,0.3,131.59,-57.13,111.68,5
8.04,10.15,1.72,0.54,8.39,1.21,0.9,0.24,0.32,152,-50.68,104,5
5.84,11.21,0.31,1.33,8.08,0.82,0.77,0.24,0.61,157.71,-39.37,119.85,5
4.19,10.86,-2.27,0.03,9.25,0.7,0.66,0.33,0.61,144.36,-54.72,102.79,5
1.41,11.17,-3.96,0.43,9.33,1.6,0.6,0.39,0.51,120.06,-85.67,68.98,5
0.74,10.27,-5.45,-1.37,8.35,1.21,0.7,0.35,0.53,109.38,-79.11,54.83,5
0.31,11.29,-5.57,-2.47,7.68,1.37,0.61,0.39,0.38,96.52,-57.2,47.84,5
2.23,11.21,-4.15,-3.02,7.29,1.21,0.64,0.18,0.25,106.84,-69.55,30.4,5
2.82,10.47,-3.88,-2.58,7.8,0.86,0.77,0.13,0.31,135.51,-65.52,25.12,5
1.6,10.43,-2.82,-2,9.1,0.23,0.78,0.29,0.28,162.53,-15.02,51.27,5
3.49,10.94,-1.01,-2.11,8.66,0.23,0.84,0.15,0.37,154.77,-36.1,50.09,5
0.82,9.88,-3.8,-2.47,9.33,0.31,1.19,0.04,0.01,100.93,-23.72,-2.13,5
4.31,6.51,-4,-2.19,9.64,0.62,1.04,0.08,0.28,149.81,-91.96,16.16,5
6.98,7.29,-1.41,-1.64,11.14,0.86,0.93,0.06,0.27,172.39,-69.82,58.95,5
2.66,10.35,-1.88,-1.56,13.53,-2.27,1.08,0.02,0.28,214.67,21.35,61.56,5
5.21,10.9,-2.62,-2.31,13.37,-1.92,1.32,0.16,0.68,167.88,-28.47,84.27,5
5.17,12.08,-1.6,-2.54,14.2,-2.39,1.22,0.02,0.48,181.7,-62.82,93.02,5
4.98,11.29,-3.29,-2.51,14.78,-1.68,1.14,0.07,0.5,224.49,-72.86,92.57,5
5.84,12.19,-4.04,-2.23,13.25,-2.03,1.18,0.01,0.57,226.67,-58.5,107.46,5
4.66,13.37,-3.84,-2.19,11.96,-1.84,1.04,0.01,0.61,236.4,-32.57,133.68,5
4.94,12.86,-3.96,-2.27,10.12,-2.58,0.81,0.06,0.69,239.94,-60.78,95.52,5
5.76,12.27,-4.86,-2.9,7.68,-5.41,0.84,0.1,0.56,244.59,-43.36,89.66,5
5.64,11.17,-7.06,-4.15,8.47,-3.64,0.89,0.11,0.61,244.33,-33.46,102.47,5
4.55,9.68,-7.06,-4,9.61,-4.82,0.93,0.06,0.56,252.42,-52.73,127.69,5
2.78,10.04,-6.51,-5.6,10.23,-4.43,0.95,0.04,0.53,248.41,-80.93,121.61,5
2.43,10.15,-5.64,-4.39,10.35,-1.92,0.8,0.05,0.51,249.48,-66.23,119.72,5
0.11,10.74,-4.43,-2.54,10.23,-2.43,0.83,0.02,0.65,236.22,-56.04,118,5
0.43,10.51,-4.27,-4.27,9.13,-3.37,0.9,0.02,0.64,221.3,-49.74,111.63,5
0.82,11.14,-4.7,-5.06,9.8,-1.76,0.85,0.03,0.57,207.16,-71.43,109.14,5
0.47,10.04,-4.82,-4.39,9.61,0.94,0.81,0.07,0.46,217.27,-74.32,109.82,5
1.21,10.08,-4.11,-2.54,10.12,0.03,0.66,0.05,0.6,221.16,-43.96,122,5
2.9,9.37,-4.19,-1.29,10.19,0.35,0.62,0.12,0.72,217.09,-25.46,138.79,5
4.62,10.08,-4.07,0.78,11.68,0.62,0.86,0.4,0.69,216.3,9.38,194.96,5
7.33,9.61,-4.66,-2.7,10.43,0.35,0.69,0.31,0.73,238.04,-90.58,193.01,5
7.29,9.57,-5.17,-2.78,9.41,0.9,0.69,0.34,0.49,167.06,-71.7,150.23,5
7.06,11.8,-4.86,-2.23,8.86,0.15,0.56,0.46,0.51,154.17,-46.27,96.13,5
7.8,11.49,-6.35,-4.15,8.62,0.31,0.72,0.39,0.59,138.07,-45.98,96.27,5
7.37,10.23,-5.45,-4.04,8.59,1.41,0.8,0.29,0.53,149.08,-77.89,107.89,5
6.98,10.08,-6.11,-3.8,8.98,0.11,0.68,0.2,0.56,173.58,-90.01,109.29,5
7.84,11.41,-5.57,-3.88,9.21,0.27,0.66,0.26,0.63,188.2,-76.27,123.66,5
8.59,13.45,-4.19,-3.72,8.78,0.19,0.62,0.18,0.67,190.52,-71.94,132.63,5
7.49,13.1,-3.37,-7.53,9.53,1.96,0.6,0.32,0.84,193.13,-97.36,112.99,5
7.68,12.63,-1.84,-8.9,9.92,1.88,0.59,0.44,0.75,168.1,-89.7,102.24,5
7.41,11.02,0.98,-11.76,7.72,1.41,0.57,0.38,0.66,146.55,-66.72,81.21,5
9.37,11.02,0.62,-11.92,5.45,2.19,0.46,0.34,0.61,119.62,-51.36,49.82,5
10,11.21,1.25,-12.35,4.11,0.62,0.49,0.39,0.67,94.66,-9.93,33.19,5
10.74,8.55,0.74,-9.76,1.6,-1.17,0.55,0.44,0.68,69.19,3.7,0.37,5
15.33,8.98,1.25,-11.41,1.8,0.15,0.84,0.57,0.64,34.52,10.82,-36.62,5
13.37,6.51,-1.45,-11.88,0.03,-4.07,0.93,0.44,0.54,26.98,-9.62,-40.72,5
10.23,4.86,0.94,-10.78,-1.84,-6.62,0.76,0.08,0.41,11.06,-8.38,-34.23,5
7.45,3.53,1.72,-9.25,-2.27,-3.37,0.94,0.13,0.55,11.63,21.92,-26.21,5
3.8,1.68,2.27,-8.86,-2.58,-3.56,1.05,0.35,0.65,27.95,-7.6,-4.46,5
3.8,0.58,4.58,-6.43,-3.45,-2.7,0.88,0.19,0.49,29.9,-7.75,3.72,5
2.31,0.43,3.21,-4.31,-4.51,-3.41,0.75,0.13,0.43,24,-33.57,-20.3,5
0.82,-1.13,0,-4.15,-4.74,-3.33,0.89,0.01,0.24,38.94,10.27,-10.99,5
2.31,-3.25,-4,-3.8,-5.96,-6.39,0.77,0.1,0.4,49.89,-1.3,15.61,5
6.35,-3.88,-6.15,-5.68,-5.64,-6.19,0.81,0.12,0.52,47.74,-7.1,23.15,5
4.94,-4.58,-6.04,-7.17,-3.84,-3.88,0.78,0.09,0.66,42.58,0.46,22.3,5
6.62,-3.33,0.86,-7.84,-1.52,1.25,0.7,0.23,0.68,23.23,14.47,11.2,5
6.47,-3.09,4.04,-8.9,-1.29,4.62,0.83,0.28,0.74,11.42,10.87,15.06,5
-4.23,20.04,20.04,4.11,20.04,20.04,0.74,0.33,0.7,-1.69,-6.53,7.18,5
1.96,-16.82,-6.35,-3.33,-8.94,3.02,0.75,0.34,0.57,-22.95,-43.05,3.19,5
3.72,-5.02,7.49,1.49,-4.43,5.88,0.71,0.15,0.38,-22.84,1.34,-21.63,5
2.7,-7.1,4.98,-9.92,-6.62,4.62,0.75,0.14,0.3,-35.28,20.7,-27.48,5
3.02,-7.02,2.19,-4.66,-7.25,3.25,0.82,0.19,0.49,-8.64,8.89,-4.7,5
4.39,-5.29,2.23,-4.39,-4.9,5.17,0.9,0.26,0.54,5.81,-5.07,3.81,5
3.25,-3.68,3.17,-5.06,-3.45,5.76,0.89,0.26,0.52,-3.26,-13.98,0.72,5
2.54,-2.7,2.82,-4.62,-2.19,5.53,0.85,0.25,0.46,-7.92,-12.05,0.6,5
0.98,-1.37,2.43,-2.47,-1.29,5.41,0.83,0.21,0.47,-12.15,-2.9,6.3,5
0.07,0.15,3.76,-1.45,0.23,5.49,0.85,0.32,0.45,0.53,-4.81,6.49,5
0.19,2.31,4.82,-3.02,1.6,5.64,0.8,0.41,0.51,5.59,-3.19,13.1,5
0.66,6.15,3.84,-6.66,2.51,3.84,0.74,0.21,0.6,-15.85,2.43,0.81,5
5.06,11.06,5.06,-2.94,4.98,2.27,0.71,0.18,0.5,-33.14,12.06,-15.25,5
6.43,13.49,2.43,-7.88,9.45,1.41,0.81,0.1,0.5,-14.96,33.09,-14.21,5
5.53,18.2,-1.25,-2.62,14.82,2.31,1,0.09,0.49,-23.67,30.94,-15,5
1.92,20.04,0.98,-8.59,20.04,4.19,0.85,0.31,0.5,0.06,10.66,10.88,5
7.1,20.04,1.64,-11.41,20.04,10.47,0.91,0.21,0.56,1.25,-15.23,16.99,5
9.57,17.65,-3.8,-7.64,13.65,5.72,0.78,0.26,0.59,3.54,-25.69,14.44,5
15.21,11.02,-6.08,11.57,5.8,6.94,0.67,0.24,0.41,9.24,-31.68,5.18,5
10.35,10.27,-3.8,-3.02,10.15,3.17,0.76,0.16,0.34,-6.02,-6.15,-4.94,5
7.29,9.76,-2.35,-2.39,9.8,0.66,0.87,0.19,0.48,-2.02,12.92,11.39,5
9.1,9.72,0.03,-7.72,9.41,2.35,1.02,0.28,0.5,11.95,-6.24,24.5,5
10.27,10.08,0.74,-3.96,10.47,3.17,0.95,0.27,0.52,20.14,-40.64,33.46,5
9.1,10.94,1.45,-2.23,11.06,3.33,0.92,0.23,0.4,30.72,-35.42,30.42,5
0.7,10.55,5.37,-3.29,10.15,3.13,0.89,0.24,0.36,29.83,-25.81,30.28,5
3.49,9.53,2.7,0.7,10,2.43,0.85,0.2,0.45,42.33,-32.58,36.66,5
3.56,10.31,0,0.11,10.82,2.7,0.87,0.22,0.42,56.2,-39.72,44.58,5
2.27,10.94,-1.01,0.47,10.78,2.19,0.88,0.24,0.46,71.73,-30.61,56.68,5
2.27,10.66,-1.92,-1.88,10.27,2.03,0.83,0.2,0.5,64.22,-22.31,48.3,5
2.07,10.19,-2.07,-1.45,10.04,2.62,0.78,0.27,0.48,56.11,-24.07,41.21,5
2.43,9.84,-2.43,0.58,9.68,2.54,0.79,0.25,0.45,48.38,-26.1,36.14,5
2.94,8.94,-3.84,-1.56,11.29,2.47,0.84,0.27,0.5,43.06,-22.14,32.9,5
3.72,8.51,-3.49,2.7,9.76,0.74,0.87,0.26,0.38,41.34,-23.66,36.23,5
3.6,9.96,-4.98,1.13,10.31,2.19,0.9,0.11,0.26,48.55,-24.14,32.42,5
5.72,10.43,-4.47,1.52,10.43,1.17,0.82,0.21,0.5,90.37,-10.91,47,5
5.64,10,-3.45,0.86,10.15,0.58,0.96,0.14,0.55,126.62,-39.24,84.1,5
5.88,9.37,-3.21,0.78,10,1.68,0.88,0.17,0.45,145.15,-79.86,99.76,5
5.37,9.49,-2.54,-2.27,9.29,0.47,0.81,0.12,0.5,170.08,-81.25,112.11,5
5.41,10.66,-3.33,-1.84,9.84,0.35,0.82,0.13,0.59,182.99,-77.2,120.62,5
5.49,11.8,-2.86,-2,11.29,0.39,0.77,0.15,0.65,187.74,-68.11,115.78,5
4.7,10.55,-3.64,-1.05,9.92,0.07,0.62,0.24,0.72,195.49,-74.93,112.25,5
4.39,10.51,-3.6,-1.76,9.57,0.5,0.63,0.31,0.69,187.81,-79.33,111.43,5
4.55,10.35,-3.76,-1.64,10.59,0,0.52,0.38,0.64,180.5,-70.06,82.71,5
4.74,8.78,-4.35,0.31,8.43,0.94,0.59,0.19,0.64,180.19,-26.52,73.63,5
5.06,7.92,-3.37,-1.68,8.74,0.86,0.6,0.07,0.66,164.84,-18.38,79.21,5
5.53,8.11,-3.25,-2,10.23,-2.11,0.83,0.09,0.56,161.6,-9.43,90.01,5
7.17,8.82,-3.84,-2.23,11.53,-1.05,1.28,0.36,0.29,177.42,-75.66,100.49,5
7.25,10.04,-2.7,0.19,12.39,-2.39,0.8,0.09,0.81,230.43,-116.81,98.37,5
7.68,11.84,-2.23,0,12.67,-2.7,1.15,0.2,0.52,181.04,-50.86,116.11,5
5.96,10.86,-2.35,-1.37,12.47,-2.51,1.19,0.16,0.61,247.63,-56.61,137.92,5
5.84,9.76,-3.45,-1.49,12.55,-3.76,0.9,0.16,0.71,252.42,-83.88,161,5
6.47,9.45,-4.31,-2.58,12.27,-4.19,0.89,0.13,0.84,252.42,-85.56,176.27,5
6.47,9.1,-4.66,-2.51,11.53,-1.68,0.81,0.08,0.85,252.42,-86.28,189.43,5
5.8,9.33,-4.23,0.98,11.29,-2,0.8,0.1,0.79,252.42,-92.44,176.34,5
6.39,9.8,-3.53,-2.03,9.29,-3.53,0.68,0.14,0.73,252.23,-79.07,156.26,5
6.08,9.96,-2.94,-3.37,6.9,-5.02,0.62,0.1,0.79,234.94,-70.63,135.03,5
6.04,10.04,-2.35,-4.7,8.15,-4.23,0.63,0,0.79,223.63,-62.75,121.65,5
5.6,9.72,-2.15,-5.45,8.74,-4.62,0.68,0.07,0.78,219.04,-48.95,124.55,5
5.53,8.9,-2.23,-6.15,8.39,-3.88,0.66,0,0.8,199.52,-43.28,125.65,5
5.6,7.96,-2.66,-5.17,7.76,-2.39,0.69,0.27,0.7,162.48,-59.61,111.75,5
5.21,8.23,-2.58,-4.7,8.27,-2.19,0.76,0.12,0.46,161.91,-63.23,104.3,5
5.13,9.29,-2.58,-5.37,10.23,-2.07,1.05,0.19,0.7,152.59,-59.81,116.44,5
6.55,10.04,-1.8,-5.68,11.76,-1.41,0.99,0.41,0.68,189.38,-43.92,145.6,5
7.37,8.74,-1.6,-5.21,9.92,0.5,0.53,0.2,0.76,116.04,-75.13,142.79,5
6.59,8.27,-3.02,-5.06,8.74,0.54,0.58,0.23,0.55,142.2,-69.71,76.05,5
6.55,8.78,-1.92,-5.41,9.13,1.49,0.67,0.23,0.5,159.08,-36.8,107.56,5
7.72,8.47,-1.09,-6.82,8.66,1.13,0.67,0.32,0.63,173.41,-46.68,117.68,5
10.08,9.68,0.03,-7.21,8.35,0.35,0.65,0.25,0.62,170.27,-59.04,106.27,5
10.15,9.88,0.47,-8.55,8.55,1.68,0.59,0.42,0.63,163.45,-47.83,96.29,5
9.72,10.86,1.68,-10,7.84,0.27,0.57,0.36,0.64,156.28,-35.36,91.37,5
11.06,12.43,2.39,-11.53,7.1,0.27,0.64,0.37,0.7,120.96,-24.28,56.76,5
10.63,12.47,2.43,-12.63,6.15,0.19,0.85,0.4,0.64,90.13,-5.21,25.11,5
11.61,11.8,2.43,-13.69,5.17,-1.37,0.77,0.43,0.54,89.38,-12.61,25.82,5
12.04,10.9,0.98,-13.45,4.55,0.7,0.71,0.29,0.44,68.89,-6.04,1.2,5
9.84,9.64,0.86,-10.82,2.43,-2.15,0.74,0.18,0.43,51.8,5.25,-4.56,5
9.88,8.66,0.54,-10.15,2.31,-2.78,0.89,0.2,0.51,53.35,13.18,-5.75,5
10.63,6.86,0.19,-10.04,1.21,-2.9,0.95,0.26,0.78,48.84,8.52,9.85,5
8.98,4.9,1.17,-9.13,0.35,-3.68,0.95,0.3,0.61,40.78,0.47,10.96,5
6.86,2.66,2.19,-7.1,0.9,-2.47,0.77,0.21,0.54,26.34,-12.24,5.85,5
7.37,2.31,3.29,-7.1,-2.47,-2.07,0.72,0.14,0.4,25.81,-8.22,-2.49,5
5.25,1.13,3.05,-9.25,-3.68,-2.39,0.8,0.07,0.36,27.73,24.77,12.95,5
6.39,0.58,1.01,-5.96,-3.6,0.54,0.83,0.1,0.51,39.74,8.7,27.47,5
4.11,-2.19,1.09,-5.06,-3.88,-1.25,0.83,0.11,0.38,64.42,7.86,37.73,5
3.53,-5.02,0.39,-3.29,-4.94,-1.96,0.71,0.02,0.61,51.23,-12.17,54.34,5
3.8,-6.19,-1.76,-2.43,-6.23,-2.23,0.7,0.2,0.82,54.03,6.71,60.11,5
2.27,-6.78,-4.23,-2.82,-7.6,-3.76,0.77,0.25,0.64,49.1,12.6,22.08,5
5.02,-7.57,-4.9,-1.6,-8.47,-3.05,0.88,0.48,0.74,44.23,21.6,28.28,5
5.88,-6.08,-4.15,-2.39,-7.33,-1.72,0.62,0.23,0.62,21.99,-2.68,15.82,5
6.66,-5.33,-1.8,-3.88,-5.53,0.35,0.51,0.34,0.55,0.99,-18.2,0.01,5
7.21,-6.04,-1.29,-6.19,-3.92,5.45,0.79,0.3,0.56,-3.37,-4.3,0.44,5
7.02,-3.17,4.39,-8.51,-4.62,5.57,0.81,0.27,0.6,0.42,-6.88,15.73,5
-13.14,19.57,20.04,20.04,19.92,20.04,0.78,0.21,0.59,7.91,-22.55,7.38,5
-3.88,-16.86,-6.31,-12.78,-10.43,8.47,0.68,0.34,0.61,4.46,-29.65,10.4,5
2.66,-7.64,5.49,4.47,-10.55,0.11,0.84,0.34,0.5,11.86,-12.43,7.38,5
4.94,-6.59,5.92,-3.05,-6.55,5.06,0.71,0.27,0.55,1.2,7.71,-5.97,5
1.64,-6.59,3.33,-7.64,-7.17,4.47,0.72,0.26,0.58,-4.92,5.66,-4.78,5
4.55,-4.66,3.8,-4.9,-5.49,4.7,0.75,0.2,0.59,-5.92,-5.26,-3.59,5
4.11,-3.33,2.74,-5.06,-3.96,5.72,0.8,0.19,0.53,-8.07,-13.64,-14.6,5
2.43,-2.7,1.52,-2.9,-2.66,5.33,0.84,0.18,0.52,-6.63,2.14,-5.14,5
1.68,-1.64,1.21,-2.19,-1.49,5.21,0.87,0.17,0.49,-4.97,3.61,0.97,5
1.64,0.27,1.13,-2.7,0.27,4.94,0.84,0.15,0.49,0.53,-12.52,2.63,5
1.76,1.17,1.56,-2.86,1.88,5.33,0.92,0.13,0.49,6.3,-13.49,17.01,5
3.33,3.64,2.23,-2.86,2.58,4.55,0.9,0.14,0.49,9.83,-14.72,18.59,5
5.17,5.25,4.74,-3.84,5.33,3.05,0.91,0.17,0.51,17.46,-16.07,24.01,5
9.64,8,5.76,-7.1,9.13,1.37,0.88,0.16,0.46,9.78,-16.73,30.47,5
10.12,9.41,2.07,-6.35,13.06,0.7,0.87,0.15,0.43,24,-30.67,43.05,5
6,14.59,0.94,-2.27,20,1.88,0.84,0.22,0.5,35.5,-31.04,44.56,5
5.06,20.04,6.19,-1.64,20.04,1.56,0.76,0.23,0.54,50.38,-21.57,43.63,5
7.02,20.04,6.15,-8.47,20.04,3.53,0.77,0.25,0.61,57.13,-21.51,42.59,5
12.51,17.14,4.43,-8.86,13.41,3.72,0.85,0.34,0.53,57.17,-38.04,54.09,5
6.94,11.57,1.01,-4.74,10.59,2.54,0.78,0.21,0.34,61.06,-71.43,61.93,5
6.19,11.57,1.05,-2.27,10.59,1.76,0.72,0.25,0.32,67.34,-58.71,65.31,5
6.04,10.94,0.74,-5.06,10,0.07,0.72,0.39,0.36,95.49,-17.55,61.66,5
6.98,9.41,0.31,-4.43,8.7,0.03,0.67,0.34,0.51,122.38,-22.94,64.4,5
7.33,9.68,0.27,-2.23,8.74,0.43,0.75,0.28,0.56,124.53,-14.21,67.13,5
6.55,10.51,0.82,-1.29,9.06,0.58,0.89,0.28,0.71,93.55,-18.7,59.47,5
6.94,11.17,-1.17,-3.41,9.33,0.47,0.86,0.3,0.61,73.97,-24.85,52.43,5
5.45,11.61,-1.37,-3.6,8.7,0.11,0.8,0.26,0.59,59.53,-34.7,49.87,5
3.84,11.37,-1.52,-4.04,8.08,0.47,0.79,0.17,0.51,76.36,-46.49,50.78,5
2.51,11.65,-1.72,-4.35,9.1,1.21,0.78,0.1,0.4,96.36,-53.88,56.2,5
2.58,11.21,-2.54,-3.6,10.12,0.9,0.81,0.19,0.31,111.65,-25.85,51.01,5
2.39,11.76,-2.86,-3.13,11.49,1.6,0.93,0.21,0.4,144.05,0.04,75.89,5
2.35,11.33,-3.8,-3.17,12.23,2.23,1,0.11,0.54,142.72,-12.48,88.79,5
3.45,9.1,-4.23,-2.15,10.63,2.39,0.92,0.01,0.45,144.11,-29.88,84.5,5
2.62,9.1,-4.86,0.74,10.31,2.31,0.87,0.05,0.47,157.87,-41.04,109.95,5
3.6,10.15,-4.66,-2,11.1,1.37,1.02,0.02,0.52,167.51,-47.73,124.93,5
3.96,10.23,-4,-2.54,10.23,1.13,0.91,0.06,0.4,175.79,-37.45,125.35,5
3.53,10.23,-4.31,-2.82,9.92,0.7,0.79,0,0.59,192.05,-57.14,133.46,5
2.7,10.66,-4.11,-2.51,10.31,0.39,0.86,0.03,0.66,205.36,-52.71,145.28,5
2.74,11.02,-3.33,-1.84,10.74,0.23,0.83,0.02,0.71,205.99,-52.98,150.93,5
3.25,11.29,-2.82,-1.84,10.35,0.66,0.79,0.05,0.8,201.92,-63.59,147.17,5
3.8,10.98,-2.82,-2.15,9.76,-1.72,0.73,0.01,0.73,198.29,-66.24,141.82,5
3.72,10.7,-2.7,-4.04,9.17,-1.88,0.67,0.01,0.65,190.78,-67.49,135.61,5
3.05,10.23,-2.94,-4,9.17,-2.07,0.73,0.02,0.6,188.48,-65.72,127.41,5
2.58,10.7,-3.45,-4.07,9.57,-2.47,0.81,0.05,0.61,185.81,-64.76,124.95,5
2.82,10.35,-3.25,-4,9.92,-1.96,0.81,0.03,0.61,188.53,-65.65,129.08,5
2.58,10.55,-3.68,-3.45,10.59,-1.52,0.85,0.05,0.69,177.88,-60.43,133.09,5
2.58,10.43,-3.8,-2.7,11.06,-2.19,0.75,0.2,0.74,157.81,-71.03,123.5,5
2.39,11.21,-4.23,-2.86,11.29,-2.35,0.75,0.28,0.74,146.72,-59.89,118.03,5
2.19,11.61,-4.19,-3.13,11.17,-2.27,0.65,0.43,0.75,131.74,-56.53,109.53,5
2.19,10.27,-3.8,-3.72,9.17,-2.39,0.54,0.65,0.72,69.81,-18.27,129.38,5
3.17,9.92,-4.39,-4.51,7.53,0.98,0.62,0.34,0.43,90.15,-50.33,60.24,5
3.53,9.84,-4.31,-4.55,7.53,0.86,0.71,0.22,0.46,102.69,-47.08,66.39,5
4.98,9.84,-3.56,-5.33,8.59,0.35,0.74,0.28,0.54,121.29,-29.18,75.5,5
5.92,10,-2.78,-4.94,8.74,0.31,0.68,0.32,0.68,126.3,-43.83,78.21,5
6.31,10.08,-2.54,-4.51,8.47,0.5,0.73,0.37,0.6,120.49,-53.87,77.52,5
6.27,9.84,-2.94,-3.96,8.62,0.86,0.76,0.27,0.56,123.06,-60.57,77.76,5
6.47,9.33,-2.94,-4.51,8.55,-1.01,0.77,0.18,0.52,134.78,-57.7,88.51,5
6.59,9.37,-3.09,-5.09,8.86,0.94,0.76,0.11,0.55,143.95,-62.56,87.07,5
6.39,9.29,-2.98,-5.02,9.41,0.78,0.74,0.11,0.59,161.23,-60.85,87.36,5
6.39,9.76,-3.45,-4.86,9.68,-1.33,0.71,0.2,0.65,178.53,-43.9,96.23,5
6.19,10.12,-2.98,-5.06,9.57,-1.72,0.73,0.22,0.78,165.02,-36.36,94.19,5
5.17,10.35,-3.45,-5.25,9.06,-1.64,0.91,0.46,0.53,136.41,-56.62,88.04,5
4.27,9.64,-3.29,-5.72,8.08,-1.88,0.78,0.32,0.36,142.59,-91.92,80.14,5
4.15,10.55,-2.66,-5.96,8.94,-2.27,0.74,0.15,0.43,143.22,-36.77,97.27,5
4.55,11.68,-2.27,-6.55,9.49,-2.15,0.89,0.19,0.6,136.07,-13.97,82.59,5
4.62,11.92,0.19,-6.62,9.53,-1.96,0.97,0.15,0.6,135.88,-31.98,78.05,5
4.94,11.17,0.78,-6.51,9.64,-1.8,0.99,0.26,0.51,141.15,-62.92,83.17,5
8.59,10.63,-1.41,-8.78,9.37,-1.68,0.71,0.19,0.49,129.76,-54.99,85.65,5
9.37,9.53,1.56,-9.57,8.15,-1.17,0.64,0.24,0.49,118.33,-56,72.76,5
10.04,7.41,2.07,-12.12,7.17,0.82,0.67,0.16,0.41,112.8,-42.44,54.99,5
11.21,6.82,0.74,-13.65,6.47,-2.11,0.82,0.2,0.44,114,-16.2,54.5,5
12.43,6.94,2.43,-13.65,5.84,-1.41,0.92,0.2,0.53,110.13,3.55,66.54,5
12.59,7.37,2.39,-13.18,4.43,-1.33,0.84,0.28,0.56,98.76,-9.22,56.71,5
12.04,8.19,2.39,-12,3.49,-2.03,0.61,0.12,0.57,76.52,-19.21,31.24,5
9.8,6.35,1.88,-9.76,2.27,-1.29,0.62,0.03,0.51,68.96,13.72,33.5,5
9.41,2.94,1.56,-9.68,2,-2.62,0.76,0.22,0.53,76.96,28.76,29.3,5
8.62,0.74,0.98,-7.64,1.01,-3.33,0.87,0.33,0.66,77.8,20.26,38.03,5
6.31,-1.76,0.23,-5.88,0.74,-4.04,0.74,0.4,0.87,58.08,6.56,36.55,5
5.68,-2.54,-1.52,-4.82,-3.56,-3.13,0.66,0.69,0.88,36.26,9.92,5.11,5
8.08,-3.02,-3.84,-4.19,-4.98,-1.13,0.55,0.46,0.57,26.91,-12.38,6.93,5
6.23,-3.05,-4,-3.68,-6.74,0.5,0.69,0.36,0.42,19.26,10.5,-8.65,5
5.96,-3.53,-5.17,-2.58,-7.37,0.62,0.68,0.38,0.48,30.31,44.18,-28.06,5
5.06,-3.8,-4.74,-2.94,-7.25,0.86,0.74,0.21,0.71,34.18,5.2,15.68,5
4.9,-4.31,-4.47,-2.82,-7.13,-1.8,0.68,0.33,0.7,26.23,0.37,23.24,5
5.29,-4.86,-4.15,-2.47,-6.43,-1.52,0.66,0.37,0.71,12.68,-7.69,20.22,5
4.07,-4.55,-2.82,-3.33,-5.21,-1.76,0.69,0.31,0.62,-7.48,-3.16,9.43,5
6.62,-2.39,0.98,-4.94,-3.72,0.27,0.68,0.3,0.6,-23.31,6.27,0.61,5
7.68,0.03,1.45,-6.7,-2.82,1.49,0.72,0.21,0.62,-28.83,-1.38,0.55,5
7.88,-2.39,2.27,-7.29,-3.49,1.37,0.68,0.18,0.59,-27.77,-18.32,10.82,5
2.19,14.86,20.04,-6.66,17.37,20.04,0.64,0.3,0.44,-13.64,-26.39,8.27,5
0.43,-15.02,1.72,-2.94,-11.37,0.74,0.79,0.21,0.6,-15.69,-35.21,22.46,5
10.55,-8.19,2.31,-5.96,-6.43,9.57,0.99,0.49,0.37,18.46,4.43,0.33,5
6.59,-8.86,5.29,-10.19,-7.37,6.94,0.73,0.24,0.53,-10.98,6.05,-22.04,5
5.8,-6.82,4.58,-8.59,-6.43,5.37,0.79,0.21,0.54,-26.63,12.6,-9.25,5
5.13,-5.57,3.49,-7.45,-4.94,5.6,0.9,0.21,0.61,-21.58,-1.27,-8.06,5
4.19,-4.55,3.21,-6.27,-3.13,5.72,0.87,0.23,0.53,-7.19,-18.24,-8.59,5
2.27,-3.45,3.17,-5.84,-2.43,5.64,0.85,0.16,0.43,0.02,-12.36,-7.78,5
-2,-1.84,3.33,-2.51,-1.01,5.8,0.87,0.17,0.47,4.66,-7.36,2.58,5
0.31,0.23,3.84,-1.01,0.47,4.94,0.85,0.19,0.44,11.67,-14.63,5.89,5
2.23,2.66,3.33,-1.09,0.82,3.88,0.85,0.16,0.43,17.18,-23.24,13.93,5
4.55,4.98,2.74,0.86,2.47,2,0.82,0.18,0.44,19.97,-20.62,20.76,5
6.59,6.7,0.5,-1.49,5.09,0.15,0.73,0.27,0.49,28.26,-14.1,17.69,5
5.8,9.96,-2.51,-3.92,9.02,0.82,0.7,0.29,0.6,29.08,-4.71,15.87,5
6.94,13.57,-1.05,-5.17,13.1,0.62,0.79,0.27,0.7,6.47,4.68,10.27,5
5.57,20.04,-2.07,-7.68,20.04,1.92,0.76,0.2,0.57,2.48,0.95,6.39,5
18.47,20.04,-1.13,-7.17,20.04,7.25,0.77,0.32,0.56,-7.58,0.86,3.78,5
10.86,14.98,-3.13,-16.67,20.04,4.94,0.66,0.41,0.7,-4.42,4.36,-4.71,5
7.72,10.04,-1.72,15.33,11.17,4.19,0.77,0.29,0.41,5.88,-20.91,-11.39,5
5.37,10.15,0.58,-13.57,13.29,4.15,0.92,0.07,0.31,-9.65,-28.37,-28.53,5
8.23,9.21,0.19,-5.33,11.14,2.82,0.84,0.31,0.55,22.17,-16.52,5.15,5
8.98,10.12,2.35,-5.53,9.45,3.05,0.92,0.27,0.35,23.23,27.95,21.15,5
0.74,10.23,9.29,-4.31,7.29,0.86,1.05,0.24,0.46,45.23,-45.34,33.29,5
10.66,8.9,3.37,-4.23,7.68,0.74,0.78,0.01,0,65.07,-55.82,105.01,5
7.57,10.19,2.47,-3.53,8.39,1.76,0.88,0.17,0.3,73.7,-52.29,65.43,5
5.49,9.64,0.23,-2.43,9.57,2.19,0.86,0.24,0.37,83.56,-45.33,72.46,5
4.78,10.04,-1.6,-1.92,10.31,3.05,0.79,0.23,0.49,103.97,-70.58,80.82,5
3.96,10.31,-1.25,-1.29,10.19,3.8,0.73,0.28,0.51,110.43,-65.85,81.44,5
3.53,10.82,-1.56,0.11,10.51,3.6,0.7,0.27,0.51,105,-48.1,74.61,5
3.8,10.94,-2,-1.09,10.35,3.05,0.69,0.31,0.51,112.2,-42.33,64.52,5
3.17,10.51,-2.82,-1.09,9.96,2.78,0.7,0.38,0.52,119.69,-43.29,63.5,5
2.98,10.51,-3.68,-1.17,9.88,2.86,0.73,0.35,0.51,117.16,-35.35,68.14,5
3.41,10.04,-3.92,-2.27,9.61,2.9,0.74,0.32,0.48,117.11,-32.5,65.55,5
3.29,9.84,-4.19,-3.13,9.8,3.64,0.8,0.25,0.45,125.05,-27.91,70.71,5
3.17,10.19,-4.86,-2.78,9.88,3.76,0.92,0.24,0.4,130.9,-27.76,79.04,5
3.68,9.88,-4.51,0.9,10.15,2.66,0.95,0.17,0.44,153.11,-36.1,97.58,5
3.88,9.84,-4.31,0.43,10.51,0.11,0.94,0,0.51,153.85,-42.55,100.64,5
4.11,10.43,-4.35,-2.39,9.84,-1.45,0.88,0,0.55,146.09,-48.17,97.81,5
3.64,11.45,-5.25,-2.47,9.96,-1.72,0.97,0.09,0.47,160.96,-60.33,102.5,5
6.39,9.64,-8.86,-2.78,10.12,-1.96,0.89,0.01,0.37,190.98,-92.21,98.06,5
4.39,10.19,-6.59,-2.47,10.23,-1.8,0.88,0.15,0.28,213,-39.72,111.45,5
1.05,11.57,-6.11,-1.29,11.96,-3.17,0.94,0.26,0.6,225.37,-45.81,121.51,5
4.39,12.27,-6.66,-2.43,12.39,-3.68,0.77,0.02,0.82,234.55,-61.45,165.23,5
6.23,12.98,-7.8,-2.11,11.76,-3.21,0.83,0.04,0.71,240.3,-79.15,151.18,5
5.45,12.86,-8.86,-2.54,10.66,-3.37,0.87,0.03,0.7,241.52,-93.82,137.97,5
2.78,12.43,-7.72,-3.25,10.74,-3.37,0.83,0.02,0.7,252.42,-75.1,149.98,5
2.66,11.92,-7.21,-5.06,11.06,-3.13,0.85,0.09,0.81,252.23,-40.51,173.11,5
4.86,10.7,-6.47,-6.11,10.08,-2.35,0.74,0.03,1.03,231.98,-70.81,148.66,5
4.78,10.43,-5.06,-7.29,8.31,-4,0.65,0.12,0.7,208.76,-93.58,127.11,5
3.88,9.76,-3.33,-6.51,6,-1.33,0.64,0.15,0.58,178.23,-99.81,99.56,5
2.62,9.53,-2.9,-5.72,7.8,0.03,0.58,0.06,0.53,183.16,-45.23,118.98,5
2.82,9.64,-3.41,-4.94,10.04,0.35,0.78,0.01,0.66,178.1,-12.47,130.63,5
4.31,9.29,-2.47,-3.64,10.78,1.05,0.71,0.1,0.67,168.04,-47.17,114.62,5
5.25,9.33,-4.07,-1.25,11.57,1.25,0.78,0.21,0.61,162.88,-47.64,119.61,5
7.29,10.51,-3.33,-1.09,12.67,0.07,0.82,0.27,0.72,167.47,-39.32,122.84,5
8.15,10.08,-3.02,-2.51,12.12,0.47,0.76,0.25,0.58,152.81,-50.06,109.86,5
9.37,9.41,-3.88,-3.56,9.68,1.17,0.67,0.21,0.51,148.65,-68.56,98.41,5
8.39,9.21,-3.09,-3.64,10.04,1.84,0.69,0.19,0.47,159.2,-51.85,104.53,5
10.9,9.17,-3.92,-2.35,10.74,1.52,0.76,0.23,0.52,175.23,-28.07,122.63,5
11.06,9.61,-2.74,-3.72,11.21,0.62,0.73,0.22,0.69,186.81,-62.4,119.43,5
10.78,9.72,-1.72,-4.74,11.45,1.88,0.63,0.3,0.69,180.17,-59.75,117.63,5
12.19,10.66,0.86,-8.27,10.9,0.11,0.54,0.3,0.75,169.38,-48.9,107.14,5
10.82,11.37,0.58,-10.08,10.04,1.17,0.52,0.31,0.71,154.45,-41.36,75.04,5
10.94,11.02,0.23,-10.43,8.04,0.86,0.59,0.25,0.73,137.26,-21.58,62.81,5
10.04,9.96,0.15,-10.27,5.96,-1.21,0.87,0.1,0.78,102.42,-13.85,40.09,5
9.25,9.25,0.03,-11.02,4.19,0.82,1.15,0.3,0.49,113.36,-16.54,49.56,5
9.13,7.84,-1.21,-11.37,3.05,0.82,1.09,0.11,0.28,160.46,-55.57,84.47,5
11.57,7.25,1.17,-11.25,1.6,-2.19,0.93,0.07,0.27,158.52,-26.32,93.04,5
10,5.37,3.96,-11.41,2.7,-1.41,1.1,0.16,0.39,141.82,-6.76,92.62,5
9.25,2.62,2.74,-11.65,2.54,0.82,0.76,0.15,0.86,163.7,-29.43,102.62,5
7.45,1.13,3.17,-9.57,1.52,0.27,0.57,0.16,0.68,128.32,-37.62,66.76,5
7.57,0.23,3.33,-8.08,0.78,0.31,0.59,0.12,0.55,100.71,-26.46,55.08,5
7.57,0.11,3.45,-6.31,-3.09,0.9,0.75,0.13,0.6,87.45,-19.78,57.24,5
6.11,0.94,1.13,-5.6,-4.7,-1.09,0.82,0.11,0.55,79.42,0.7,55.3,5
7.17,-1.68,0.43,-5.76,-5.37,-2.23,0.8,0.08,0.67,103.41,-6.38,54.1,5
8.82,-2.11,-1.13,-4.11,-6.9,-4.04,0.5,0.29,0.72,67.78,-2.71,43.55,5
8.78,-2.27,0.11,-2.54,-8.86,-5.96,0.67,0.31,0.53,39.54,-15.88,20.8,5
7.6,-3.05,0.47,-4.62,-9.72,-4.74,0.87,0.23,0.6,30.03,-25.77,-4.13,5
5.37,-3.68,0.03,-3.37,-9.88,-3.56,0.87,0.19,0.64,27.28,28.06,5.39,5
5.13,-4.15,0.7,-4.07,-8.31,-2.03,0.84,0.4,0.61,29.01,15.61,16.39,5
5.64,-3.53,2.03,-6.08,-3.56,5.64,0.71,0.31,0.62,-7.05,-8.36,-2.46,5
-7.1,10.78,20.04,3.76,-7.57,-2.19,0.72,0.26,0.46,-28.56,-7.43,-14.67,5
0.39,-19.18,-7.06,-20.08,-16.63,-1.17,0.8,0.13,0.52,-23.66,-14.64,4.97,5
0.98,-7.76,6.62,0.86,-7.02,7.53,0.96,0.28,0.43,2.53,7.1,4.51,5
2.66,-9.88,3.29,-9.57,-6.19,3.92,0.82,0.23,0.52,5.69,14.53,5.88,5
3.53,-7.96,2,-5.76,-6.23,5.13,0.82,0.25,0.44,-2.23,0.59,4.21,5
2.78,-6.59,2.39,-3.96,-5.33,5.25,0.8,0.23,0.41,0.8,-17.64,7.9,5
1.92,-4.98,2.35,-3.21,-4.47,5.33,0.78,0.22,0.46,15.71,-10.72,16.73,5
1.33,-3.6,1.56,-3.53,-3.17,6.31,0.78,0.28,0.52,21.49,4.92,15.72,5
1.41,-2.94,0.94,0.82,-1.88,7.1,0.68,0.31,0.61,11.55,-2.21,1.34,5
0.27,-1.29,1.68,0.58,0.03,6.39,0.61,0.39,0.59,-10.79,-8.04,-9.89,5
0.35,1.21,2.62,-1.76,0,5.06,0.68,0.29,0.53,-20.75,-11.74,-13.27,5
1.84,4.66,3.25,-3.09,0,2.66,0.97,0.18,0.53,-26,14.25,-5.82,5
2.39,6.7,4.07,-4.51,4.19,4.94,1.07,0.08,0.54,-19.4,34.81,-5.97,5
5.8,9.13,5.09,-8.19,6.47,5.09,0.78,0.25,0.43,-14.83,27.02,-20.42,5
2.54,12.08,1.56,-5.06,9.06,0.74,0.77,0.1,0.59,-1.36,-11.88,2.37,5
12.27,18.82,0.11,-9.68,15.29,3.21,0.91,0.1,0.46,10.33,-12.82,14.51,5
7.72,20.04,0.03,-10.04,20.04,7.25,0.88,0.17,0.53,9.51,-10.01,3.05,5
10.86,20.04,4.58,-15.18,20.04,6.94,0.75,0.11,0.7,-10.13,15.18,-13.71,5
12.67,14,1.68,-10.12,12.74,5.96,0.86,0,0.62,-21.25,16.93,3.9,5
8.98,12.04,-3.25,-6.9,9.21,3.72,0.76,0.29,0.38,-3.81,-30.82,8.82,5
4.27,9.88,0.27,-4.66,10,3.02,0.49,0.24,0.42,-7.86,-18.43,-7.07,5
5.21,9.49,0.54,-2.66,9.13,4.35,0.86,0.14,0.45,-1.09,18.11,0.65,5
6.82,9.37,0.5,-3.56,9.37,4.39,0.82,0.13,0.6,-13.3,19.07,6.5,5
3.96,10.04,0.82,-5.57,9.45,4.11,0.86,0.21,0.53,-4.66,0.85,-4.55,5
4,10,0.74,-2.31,9.92,3.72,0.9,0.23,0.49,0.18,-16.69,0.35,5
3.21,9.8,0.54,-1.8,10.04,3.17,0.88,0.18,0.4,0.11,5.5,8.59,5
1.25,9.96,0.7,0.82,9.88,2.98,0.87,0.17,0.51,3.53,-3.56,9.56,5
1.09,9.84,0.31,0,9.96,2.47,0.88,0.18,0.48,8.14,-12.82,16.2,5
2.74,9.8,0.31,0.03,10.04,2.19,0.89,0.17,0.47,12.67,-12.62,22.12,5
4.19,10.47,0.58,0.11,11.02,2.54,0.95,0.17,0.45,21.78,-8.48,25.54,5
4.35,9.84,0.82,0.07,10.7,2.78,0.99,0.19,0.42,39.29,-20.95,41.37,5
4.35,8.86,0.66,0.43,9.41,2.78,0.78,0.22,0.34,60.13,-37.43,52.91,5
5.21,8.11,-1.72,0.9,8.27,3.6,0.74,0.1,0.3,63.26,-41.91,57.37,5
5.6,8.51,-2.19,2.03,9.02,2.9,0.83,0.19,0.37,85.69,-51.1,74.72,5
5.33,9.96,-2.43,0.5,10.9,3.17,0.85,0.23,0.41,126.55,-54.04,90.31,5
3.05,10.51,-3.17,0.31,10.63,4.11,0.82,0.2,0.49,143,-47.49,96.99,5
5.37,10.47,-1.37,0.98,9.96,3.8,0.76,0.26,0.49,154.63,-49.77,93.66,5
5.13,9.92,-1.84,0.39,9.96,3.76,0.72,0.3,0.56,162.54,-57.23,93.17,5
5.06,11.33,-2.35,0.82,9.53,3.49,0.76,0.31,0.55,160.67,-67.52,93.24,5
4.62,10.39,-3.13,-1.68,8.78,2.98,0.73,0.19,0.55,157.37,-74.1,82.27,5
4.98,9.88,-2.74,-2.15,9.02,2.35,0.77,0.24,0.53,161.7,-63.85,77.2,5
4.39,9.33,-3.41,-2.35,9.21,0.78,0.86,0.13,0.53,170.97,-51.65,76.58,5
4.86,10,-3.17,-3.09,10.59,1.05,1.08,0.08,0.5,154.36,-47.65,70.87,5
4.55,9.96,-3.25,-2.98,11.49,0.31,1.08,0.06,0.36,174.13,-67.88,70.5,5
1.76,8.27,-2.86,-2.98,11.06,-1.84,0.76,0.14,0.45,203.52,-39.78,108.24,5
4.23,11.49,-2.51,-2.78,11.72,-1.72,1.07,0.02,0.56,191.59,-29.85,97.69,5
5.45,12.35,-2.7,-2.51,11.25,-2.47,0.98,0.05,0.63,176.94,-39.87,87.73,5
3.53,11.84,-2.19,-3.25,10.39,-2,0.83,0.11,0.49,171.88,-75.17,87.12,5
4.07,10.19,-2.62,-3.17,9.88,-2.9,0.87,0.11,0.37,185.59,-66.67,89.71,5
4.07,10.63,-3.29,-4.11,10.27,-3.02,0.89,0.1,0.46,189.25,-43.29,105.22,5
3.29,10.59,-4.31,-3.02,10.51,-2.62,0.86,0.04,0.51,182.06,-52.93,100.8,5
3.88,10.27,-3.96,-2.82,10.82,-2.35,0.82,0.01,0.48,183.51,-54.45,94.5,5
3.41,10.35,-3.8,-2.78,11.25,-2.51,0.86,0.08,0.5,188.65,-43.87,97.11,5
4.39,10.7,-3.92,-4.11,10.74,-2.98,0.89,0.11,0.54,187.66,-35.68,104.67,5
5.33,10.27,-4.35,-4.11,9.41,-2.51,0.84,0.08,0.52,178.15,-54.36,91.14,5
6.19,10.98,-3.45,-3.09,8.43,-2.86,0.86,0.12,0.5,164.14,-66.77,82.18,5
6.98,11.37,-5.21,-4.66,10.31,-2.27,0.86,0.09,0.43,173.9,-64.58,76.37,5
6.23,11.41,-2.82,-4.31,10.27,-2.51,0.89,0.06,0.47,189.32,-51.76,82.65,5
6.04,9.84,-4.35,-4.82,10.74,-2.43,0.99,0.07,0.55,196.24,-46.2,91.95,5
5.29,8.23,-4.7,-4.51,10.86,-1.33,0.94,0,0.54,206.06,-59.44,107.8,5
4.98,7.41,-3.72,-4.43,10.63,0.86,0.85,0.12,0.51,222.2,-72.55,126.3,5
3.96,7.49,-4.58,-4.04,10.7,0.7,0.73,0.05,0.64,216.1,-55.94,135.02,5
4.35,8.31,-4.47,-5.84,11.45,0.66,0.68,0.19,0.76,191.55,-31.85,147.02,5
5.53,7.88,-4.58,-3.92,11.68,0.47,0.86,0.55,0.35,191.47,-73.93,179.81,5
5.45,7.17,-4.98,-1.41,9.49,2.35,0.57,0.58,0.6,95.72,-96.07,79.03,5
6.62,8.11,-4.35,-2.58,7.72,3.68,0.56,0.23,0.14,105.86,-84.38,81.62,5
7.49,9.41,-4.31,-2.54,9.25,3.13,0.91,0.33,0.23,166.16,-69.15,110.03,5
9.1,10.19,-4.23,-1.21,10.98,2.35,0.94,0.32,0.16,198.39,-41.67,130.78,5
8.7,10.04,-3.29,0.23,11.06,1.64,0.73,0.23,0.44,232.49,-43.31,97.08,5
9.1,9.13,-3.53,-1.76,11.25,0.98,0.69,0.28,0.65,234.49,-75.56,140.51,5
9.96,9.21,-3.05,-3.88,11.49,1.21,0.75,0.21,0.61,216.88,-57.42,136.72,5
11.29,9.96,-2.31,-6.15,11.76,1.13,0.71,0.38,0.79,209.5,-90.35,109.5,5
13.57,10.12,-1.45,-6.11,10.78,2.31,0.68,0.43,0.76,196.82,-87.09,104.98,5
12.47,8.59,0.98,-8.78,10.15,1.84,0.61,0.43,0.84,175.64,-64.42,92.09,5
15.41,5.45,1.64,-12.19,9.88,1.96,0.72,0,0.87,200.03,-107.41,84.55,5
15.1,7.21,7.49,-12.86,7.84,1.45,0.56,0.64,0.69,46.59,-49.43,87.23,5
13.18,8.66,3.21,-12.35,3.8,0.9,0.26,0.53,0.41,65.78,-59.25,28,5
11.37,9.41,2.7,-13.45,0.47,0,0.42,0.41,0.39,34.57,0.89,6.21,5
10.51,10.08,3.56,-10.94,0.74,0.9,0.62,0.31,0.48,-52.47,81.85,-47.49,5
8.39,6.47,1.92,-8.7,-1.05,-1.64,0.97,0.19,0.64,-39.26,143.17,-181.02,5
8.59,3.84,2,-6.9,-1.6,-2.39,0.98,0.47,0.33,46.22,-14.53,18.12,5
6.27,1.05,1.29,-6.51,-2,-2.23,1.14,0.31,0.57,42.94,-113.7,111.66,5
4.31,-2.43,0.94,-4.31,-2.74,-4.7,0.87,0.27,0.56,27.2,-26.54,-5.29,5
2.74,-4.15,-2.51,-5.09,-2.66,-5.84,0.84,0.2,0.48,54.72,-59.84,-23.81,5
2.82,-4.11,-2.23,-6.35,-3.84,-4.82,0.83,0.17,0.28,48.45,3.59,5.92,5
0.98,-4.98,-3.56,-6.31,-4.78,-3.96,0.9,0.26,0.47,55.27,-15.68,15.5,5
0.94,-5.41,-4.74,-7.37,-5.29,-2.58,0.84,0.21,0.45,35.72,-16.9,21.34,5
1.52,-5.21,-4,-8.19,-5.02,0.23,0.77,0.13,0.35,34.14,-28.01,15.49,5
3.29,-5.45,-4.39,-7.06,-4.58,0.19,0.87,0.06,0.28,35.28,-15.87,15.97,5
7.17,-4.04,-1.68,-5.64,-4.35,1.29,0.86,0.13,0.31,51.61,-1.6,24.04,5
10.15,-2.94,4.62,-5.57,-4.82,5.49,0.86,0.11,0.49,60.57,13.62,29.51,5
9.53,-5.92,2.78,-6.15,-7.02,6.59,0.94,0.26,0.59,71.55,26.79,38.89,5
8.78,11.29,20.04,-4.55,-1.17,15.06,0.91,0.4,0.73,83.84,9.62,54.05,5
-2.19,-16.67,-1.21,-2.66,-10.59,1.84,0.79,0.48,0.51,48.19,-33.26,13.74,5
-1.01,-7.13,7.49,-5.92,-7.96,6.82,0.72,0.39,0.48,21.01,-22.07,8.72,5
4.7,-8.23,4.94,-5.09,-10.04,3.33,0.74,0.34,0.43,8.84,4.23,1.62,5
2.9,-7.88,3.33,-4.31,-9.29,3.45,0.76,0.31,0.53,7.46,13.14,3.97,5
4.15,-6.86,4.51,-4.9,-8.15,5.37,0.77,0.33,0.55,7.87,-2.26,-1.46,5
4.35,-6.86,4.27,-4.23,-7.41,5.72,0.82,0.33,0.48,-5.89,-6.1,-9.6,5
3.8,-7.02,3.25,-5.6,-7.17,5.06,0.81,0.26,0.5,-7.05,4.79,-6.72,5
3.64,-6.66,2.58,-5.21,-6.15,5.06,0.81,0.2,0.5,-1.94,17.32,-2.79,5
3.49,-7.45,1.21,-4.31,-4.74,6.59,0.85,0.19,0.51,2.46,2.29,0.63,5
0.7,-6.11,1.88,-2.82,-2.86,6.62,0.86,0.23,0.5,2.64,-13.87,4.2,5
-2.39,-1.8,2.39,-2.23,-2.43,5.29,0.85,0.17,0.47,-4.65,-16.56,5.78,5
-2.58,0.23,1.09,-2.15,0.15,4.23,0.83,0.22,0.42,-6.76,-16.9,10.48,5
-2.03,3.05,0.82,0.94,1.76,3.68,0.89,0.25,0.3,2.82,-20.7,14.67,5
1.05,4.66,1.25,0.5,3.96,3.72,0.75,0.25,0.24,14.71,-12.88,7.25,5
6.82,7.41,2.31,-2.39,5.76,1.17,0.8,0.24,0.37,21.59,8.31,9.94,5
11.84,9.72,5.02,-6,9.21,0.58,0.87,0.2,0.55,19.78,20.8,16.98,5
9.17,8.66,2,-12.78,10.04,0.47,0.83,0.28,0.55,18.84,-3.53,10.08,5
8.62,12.67,-1.41,-13.29,16.35,5.37,0.84,0.24,0.33,23.22,-16.69,9.56,5
8.7,17.49,2.78,-13.65,18.24,5.6,0.94,0.25,0.47,32.75,9.39,20.14,5
5.8,20.04,5.41,-11.88,20.04,2.98,0.84,0.2,0.54,12.68,15.83,19.9,5
7.6,20.04,4.35,-9.76,19.49,5.37,0.82,0.26,0.49,5.22,8.66,14.95,5
9.72,15.33,4.07,-4.74,9.45,0.78,0.83,0.21,0.53,-2.36,-19.87,5.75,5
9.61,10.74,2.35,-11.14,10.47,2.15,0.79,0.26,0.38,7.55,-12.88,12.98,5
4.62,10.94,1.17,-5.68,11.29,2.7,0.8,0.28,0.35,19.83,1.17,4.19,5
2.74,10.43,0.43,-5.76,9.49,2.78,0.9,0.21,0.44,16.91,23.02,1.41,5
4.23,10.04,0.7,-2.58,8.23,2.31,0.88,0.18,0.53,8.82,20.17,8.8,5
3.68,9.06,1.72,-3.09,8.62,3.05,0.85,0.24,0.52,4.83,-7.01,1.72,5
4.19,9.33,1.6,-3.41,9.45,3.6,0.86,0.21,0.54,14.97,-19.44,11.82,5
3.41,9.72,1.52,-2.27,10.15,3.37,0.82,0.23,0.55,9.67,-4.42,7.59,5
2.58,9.72,1.09,-2.15,10.08,3.33,0.81,0.22,0.49,1.64,-3.49,2.67,5
2.74,10.35,0.9,-1.49,10.08,2.47,0.8,0.27,0.47,-5.3,-2.94,-3.75,5
2.51,10.7,0.78,-1.17,9.61,2.47,0.84,0.24,0.44,-9.95,-3.31,-9.48,5
4,10.27,0.35,-1.17,9.72,2.35,0.86,0.23,0.48,-4.91,-5.39,-3.98,5
3.8,9.96,0.7,-1.33,10.04,2,0.87,0.19,0.46,4,-7.58,-1.67,5
5.29,9.57,0.98,-1.33,10.15,2.39,1.02,0.15,0.3,12.88,-9.07,5.85,5
4.7,7.29,-1.37,0.03,8.94,2.15,0.83,0.22,0.37,36.29,-41.68,31.71,5
5.09,7.37,0.9,0.27,9.41,1.92,0.78,0.14,0.32,51.46,-45.2,48.63,5
5.45,7.64,-1.49,0.19,10.31,2.03,0.8,0.19,0.33,72.45,-37.32,47.37,5
6.15,8.31,-1.52,0.07,10.59,2.66,0.84,0.21,0.37,100.2,-37.53,58.24,5
5.37,8.51,-1.05,0.03,10.27,3.21,0.84,0.12,0.38,126.88,-42.42,73.69,5
4.7,8.35,-1.21,0.9,9.68,3.05,0.78,0.06,0.44,146,-46.6,83.66,5
4.9,9.29,-1.41,-1.33,10.27,2.82,0.88,0.13,0.47,160.29,-38.58,89.08,5
5.33,9.49,-1.13,-1.25,10.63,2.47,0.97,0.09,0.55,166.14,-46.59,104.28,5
4.98,8.62,-1.01,-1.45,9.29,1.13,0.77,0.06,0.41,174.87,-79.21,102.14,5
4.55,7.37,-2.19,-1.64,8.47,0.5,0.8,0.08,0.46,175.26,-79.56,109.01,5
7.96,9.8,-3.88,-1.88,10.43,0.27,0.93,0.07,0.5,196.78,-44.76,118.62,5
6.94,12,-1.68,-2.07,10.59,0.62,0.91,0.06,0.53,216.25,-28.7,107.83,5
1.76,12.9,4,-2.35,10.19,-2.43,0.84,0.05,0.66,234.32,-18.68,114.34,5
8,12.74,0.11,-3.45,11.29,-3.49,0.96,0.1,0.76,233.11,-16.85,125.33,5
6.55,12.86,-3.64,-3.8,12.67,-2.9,1.02,0.08,1.01,202.21,-61.98,120.06,5
4.94,12.31,-4.07,-3.02,12.74,-2.47,1,0.08,0.63,185.51,-72.27,94.21,5
2.23,10.43,-3.29,-2.47,12.04,-2.35,0.84,0.07,0.62,210.38,-64.32,115.27,5
4.39,9.72,-3.09,-2.11,10.27,-3.05,0.83,0.01,0.62,199.64,-57.62,128.37,5
4.82,9.29,-2.74,-2.66,9.25,-3.84,0.85,0.01,0.63,209.23,-72.06,132.75,5
5.21,10.35,-3.02,-3.8,10.12,-4.39,0.89,0.17,0.48,239.14,-72.68,147.63,5
5.6,9.17,-2.23,-4.7,10.39,-3.09,0.73,0.14,0.55,252.42,-53.13,153.99,5
4.74,8.35,-2.23,0.54,8.66,-2.66,0.6,0.07,0.69,241.47,-34.68,156.39,5
5.13,9.37,-3.13,-2.23,10.15,-1.56,0.57,0.06,0.86,234.37,-62.23,151.63,5
4.94,10.7,-3.09,-2.98,9.64,-3.25,0.62,0.1,0.93,210.97,-54.23,138.55,5
4.19,10.94,-1.92,-4.11,9.33,-3.84,0.8,0.23,0.85,202.76,-45.46,114.71,5
3.02,10.9,-2.03,-3.37,8.47,-4.39,0.96,0.4,0.71,149.28,-56.92,97.67,5
4.94,11.88,-2.58,-3.49,6.51,-4,0.87,0.17,0.65,137.28,-73.43,100.69,5
5.17,10.19,-4.11,-3.92,6.82,-2.74,0.52,0.04,0.6,127.33,-94.29,95.05,5
3.09,9.41,-5.76,-3.72,8.94,-2.19,0.62,0,0.38,116.14,-95.94,91.2,5
1.8,10.86,-5.84,-3.72,12.19,-1.05,0.97,0.03,0.42,127.05,-72.84,87.01,5
4.04,11.72,-5.76,-2.54,15.14,-1.76,1.11,0.44,0.57,196.36,-21.46,147.28,5
5.8,10.51,-5.45,-2.62,13.14,-1.13,0.88,0.29,0.63,211.29,-34.5,201.54,5
5.29,9.25,-5.45,-2.7,10.19,0.98,0.79,0.42,0.38,159.83,-105.43,149.79,5
4,8.7,-5.53,-1.56,9.8,1.41,0.59,0.3,0.25,175.3,-91.21,54.76,5
4.94,8.51,-4.9,-1.84,10.15,0.7,0.73,0.29,0.53,173.55,-51.78,101.45,5
5.37,8.82,-4.94,-1.6,10.74,0.11,0.78,0.46,0.63,173.37,-39.94,117.53,5
5.68,9.06,-5.41,-2.51,10.66,0.66,0.78,0.48,0.77,174.44,-68.46,108.27,5
6.43,9.88,-5.29,-2.98,9.96,0.23,0.67,0.38,0.62,162.61,-90.69,106.21,5
5.09,10.63,-4.98,-2.74,9.17,-1.37,0.68,0.37,0.59,155.25,-67.85,97.58,5
5.57,10.55,-4.62,-4.27,8.78,-2.74,0.62,0.34,0.56,157.08,-35.12,100.12,5
6.35,12.23,-2.82,-5.21,8.78,-2,0.64,0.4,0.53,158.27,-27.71,103.19,5
6.66,13.37,-3.21,-8.19,9.49,-2.51,0.77,0.33,0.6,122,-78.47,71.78,5
6.51,13.69,-2,-8.98,10.31,0.78,1,0.24,0.38,147.24,-63.44,59.98,5
9.06,12.55,0.39,-10.82,11.25,-1.45,1.03,0.39,0.46,168.16,-17.52,104.29,5
10.7,10.7,0.9,-12.47,9.84,-1.68,1.03,0.38,0.59,151.94,-15.14,77.24,5
11.33,8.55,2.31,-13.21,6.98,0.82,0.51,0.48,0.56,131.33,-71.14,43.58,5
12.55,6.82,3.09,-13.21,4.66,-1.13,0.57,0.26,0.49,93.72,-63.34,28.43,5
11.76,5.17,2.98,-13.06,3.72,0.11,0.77,0.26,0.38,77.2,13.11,40.85,5
12,5.21,3.6,-11.06,3.09,0.94,0.77,0.24,0.62,82.95,-8.91,37.4,5
10,5.68,2.54,-9.45,2.07,-2.66,0.76,0.15,0.61,87.14,-10.94,33.56,5
8.86,4.94,1.17,-6.59,0.98,-1.76,0.62,0.13,0.48,76.14,-13.96,15.47,5
9.96,5.02,0.94,-5.96,0.27,-2.51,0.59,0.06,0.47,74.61,-1.52,25.26,5
8.78,3.02,-1.52,-5.02,-2.23,-2.98,1.03,0.28,0.65,65.54,34.4,24.19,5
11.21,0.9,-2.15,-5.41,-4.04,-2.39,0.91,0.71,0.99,68.78,28.55,29.89,5
7.37,0.66,-3.09,-3.64,-4.39,-1.45,0.52,0.24,0.84,36.65,-14.22,9.11,5
6.86,-2.07,-3.45,-2.9,-6.23,-1.05,0.42,0.41,0.59,17.39,-17.48,8.37,5
5.37,-3.09,-4.51,-1.6,-8.31,-1.92,0.77,0.31,0.44,21.5,10.13,7.02,5
3.76,-4.35,-4.86,-2.47,-9.17,-2.15,0.72,0.35,0.69,17.72,16.4,14.11,5
3.09,-4.66,-4.58,-2.43,-9.33,-1.88,0.81,0.34,0.74,16.2,-6.29,15.04,5
2.58,-5.13,-4.74,-3.49,-8.23,-1.49,0.73,0.33,0.65,9,-18.75,20.02,5
4.31,-4.82,-2.78,-5.64,-5.88,1.21,0.66,0.32,0.58,0.6,-23.59,14.66,5
4.15,-3.6,0.15,-5.92,-4.11,6.23,0.6,0.31,0.54,0.95,-14.33,11.47,5
7.53,-6.04,2.35,-10.23,-4.15,5.13,0.66,0.28,0.56,-1.69,0.59,14.16,5
20.04,-3.17,4.55,-20.08,0.74,3.96,0.6,0.28,0.57,7.77,-22.65,23.77,5
0.82,-11.1,-1.25,0.19,-7.45,3.96,0.86,0.4,0.53,8.03,-8.91,15.46,5
5.45,-8.04,5.09,-4.27,-4.15,8.43,0.71,0.27,0.61,6.88,-4.99,4.94,5
3.13,-8.11,2.78,-5.09,-7.57,4.43,0.73,0.22,0.54,4.13,-8.77,4.15,5
2.58,-5.49,2.47,-4.86,-5.64,4.31,0.71,0.09,0.54,8.09,-14.55,7.01,5
2.82,-4.15,2.43,-4.19,-4,4.55,0.81,0.21,0.52,10.89,-15.75,11.18,5
0.66,-2.23,2.23,-1.8,-1.45,5.33,0.86,0.21,0.55,12.09,-10.5,15.27,5
-2.7,-1.33,0.7,-2.07,0,5.76,0.82,0.22,0.55,13.03,-17.69,16.2,5
-2.78,2.23,1.92,0.35,1.68,4.58,0.75,0.23,0.46,17.66,-25.07,10.53,5
-1.29,5.29,3.8,-1.49,2.51,4.94,0.79,0.19,0.47,12.42,-31.2,12.33,5
2.19,7.37,2.39,-5.17,4.98,3.17,0.8,0.19,0.43,24.4,-2.12,12.98,5
7.02,12,0.23,-4.66,5.84,1.45,0.86,0.28,0.6,35.84,-1.78,25.85,5
9.17,16.67,-1.45,-9.06,11.72,1.56,0.74,0.22,0.7,47.62,-16.84,34.27,5
3.84,20.04,0.58,-4,15.25,2.35,0.62,0.36,0.68,38.23,-25.59,30.85,5
4.7,20.04,9.68,1.21,20.04,4.66,0.62,0.31,0.62,13.38,-22,17.88,5
11.02,20.04,2.43,-5.49,20.04,4.19,0.74,0.23,0.69,-16.62,-19.21,12.28,5
11.49,14.7,1.88,-9.76,18.9,3.56,0.72,0.46,0.57,3.52,-37.27,18.14,5
5.06,12.7,5.09,-8.35,11.76,1.72,0.84,0.4,0.22,21.23,-54.52,8.2,5
5.84,10.7,4.78,-7.1,11.25,0.31,0.93,0.27,0.04,57.8,-18.52,-1.25,5
6.94,8.9,2.27,-6.04,9.33,-1.8,0.88,0.16,0.23,32.26,17.74,19.7,5
7.21,8.66,-1.41,-5.6,8.27,-1.29,0.94,0.26,0.31,41.62,-15.14,37.91,5
5.29,9.68,-2.27,-3.92,9.13,0.03,1.05,0.18,0.35,39.36,-37.71,31.66,5
0.54,8.82,-2.15,-2.78,10.35,0.23,0.87,0.2,0.39,48.83,-52.05,25.82,5
-1.49,9.96,0.11,-2.58,10.35,0.19,0.87,0.21,0.44,33.85,-14.76,14.6,5
0.66,10.51,1.72,-3.09,10.51,0.03,0.92,0.22,0.55,20.07,-7.91,18.06,5
-2.23,11.06,2.58,-3.8,11.41,0.31,0.94,0.28,0.5,6.58,-24.46,1.3,5
-2.74,12.59,1.92,-4.19,11.14,1.05,0.95,0.31,0.49,-8.21,-22.08,-10.91,5
-1.6,11.21,2,-2.82,9.92,2.03,0.87,0.21,0.39,-18.05,3.43,-21.22,5
0.23,10.19,2.98,0.11,9.76,4.11,0.86,0.15,0.3,-25.57,18.37,-25.01,5
0.39,9.1,4.04,0.03,9.57,2.98,0.83,0.1,0.29,-26.93,5.97,-36.31,5
2.19,9.13,2.94,0.62,9.84,2.7,0.96,0.06,0.2,-20.01,19.95,-22.43,5
5.17,8.59,1.41,1.88,9.8,1.84,1.03,0.1,0.13,13.88,-10.3,-31.46,5
8.04,7.92,0.47,2.51,9.72,1.01,1.04,0.05,0.09,55.4,-38.07,23.14,5
7.13,8.23,-1.92,4,11.72,0.35,1.17,0.04,0.16,89.74,-29.59,56.3,5
5.25,9.37,0.54,4.78,13.25,1.49,1.23,0.01,0.15,119.84,-38.3,90.24,5
6.51,8.59,0.03,3.8,11.92,2.74,1.02,0.13,0.23,157.99,-40.34,103.38,5
7.84,13.18,2.98,3.41,12,1.64,0.98,0.14,0.42,83.68,-18.51,84.69,5
4.78,12.7,0.82,1.05,11.61,0.54,1.06,0.33,0.53,199.13,-25.91,90.95,5
7.37,12.82,-2.07,0.74,11.21,-1.56,0.86,0.14,0.57,244.15,-61.29,120.56,5
4.78,9.33,-3.92,-2.19,9.37,-2.43,0.8,0.04,0.6,252.42,-67.93,142.59,5
5.68,8.55,-5.21,-3.25,8.62,-2.82,0.84,0.01,0.68,252.42,-84.49,154.16,5
4.7,9.29,-5.41,-2.98,9.1,-3.09,0.82,0.14,0.73,242.06,-76.53,150.09,5
3.6,10.98,-4.51,-4.9,9.64,-3.29,0.75,0.11,0.78,242.51,-78.41,139.92,5
2.94,11.41,-4.66,-4.86,10.08,-3.05,0.94,0.16,0.85,234.77,-70.23,127.98,5
4.04,11.96,-4.19,-4.82,12,-2.54,0.99,0.02,0.82,224.76,-46.38,116.29,5
4.27,11.17,-3.29,-3.96,11.02,-1.92,0.87,0.23,0.58,212.46,-66.47,119.42,5
4.9,9.61,-2.62,-2.58,9.72,-1.09,0.68,0.03,0.44,202.06,-118.72,105.35,5
4.98,8.7,-3.05,-2.15,8.51,-1.25,0.64,0.02,0.37,208.59,-95.47,109.31,5
3.02,8.47,-3.72,-2.94,7.53,-1.45,0.62,0.07,0.34,206.11,-66.03,120.41,5
2.98,11.17,-4.43,-3.25,8.66,-1.52,0.88,0,0.53,193.55,-60.07,115.35,5
3.76,11.72,-3.8,-4.35,8.98,-2.74,0.81,0.36,0.61,222.36,-66.39,102.23,5
4.82,11.68,-5.09,-4.7,8.9,-2.54,0.78,0.27,0.68,215.62,-54.78,113.33,5
4.51,13.14,-5.06,-4.39,10.12,-1.01,0.97,0.17,0.73,204.14,-55.94,100.8,5
5.64,10.94,-4.31,-3.45,9.02,-1.64,0.66,0.09,0.59,189.46,-60.65,90.9,5
4.51,8.66,-3.88,-4.58,7.84,-1.64,0.6,0.18,0.42,178.02,-78.49,79,5
3.84,9.72,-3.76,-4.15,8.94,-1.68,0.47,0.26,0.63,191.19,-74.77,66.4,5
4.94,9.49,-4.66,-3.56,10.31,-2.86,0.99,0.05,0.38,193.78,-31.86,77.35,5
6.04,9.41,-3.45,-3.25,10.86,-1.92,0.95,0.11,0.36,223.93,-42.38,99.76,5
7.72,10.15,-2.31,-2.03,11.29,-3.84,0.72,0.14,0.45,239.87,-55.04,91.18,5
8.9,11.25,-3.88,-2.11,11.72,-3.09,0.75,0.01,0.72,217.84,-4.4,102.96,5
5.88,11.96,-2.23,-2.35,11.33,-4.62,1.04,0.02,1.02,200.34,-21.33,112.98,5
5.02,13.02,0.47,-4.04,12.31,-4.98,1.2,0.43,0.69,219.64,-27.93,109.39,5
9.53,14.2,-1.76,-4.07,12.23,-4.31,1.07,0.27,0.52,175.24,-59.49,82.35,5
6.47,13.14,0.58,-5.06,10.78,-5.53,0.91,0.02,0.46,194.04,-54.99,117.53,5
5.29,11.02,0.19,-4.78,10.86,-3.25,0.83,0.02,0.51,192.03,-55.46,112.66,5
6.94,9.06,0.66,-5.21,10.66,-2.98,0.72,0.02,0.46,188.92,-70.58,102.91,5
8.08,10.82,2.66,-6.27,10.74,-3.09,0.78,0.05,0.58,199.96,-64.07,118.67,5
8.35,13.1,0,-10.12,11.96,-2.11,0.89,0.08,0.62,182.94,-59.49,129.87,5
7.64,10.23,0.47,-11.29,11.21,-2.11,0.78,0.16,0.56,172.12,-72.22,109.6,5
6.27,7.96,1.17,-10.31,7.29,-2.54,0.68,0.18,0.46,151.95,-64.33,87.18,5
5.09,4.94,0.27,-10.27,3.88,-3.05,0.67,0.12,0.68,145.21,-41.48,79.25,5
8.9,4.7,0.11,-10.04,1.84,-2.43,0.67,0.15,0.43,115.76,-19.75,58.53,5
7.02,3.02,0.03,-9.57,1.72,-2.19,0.63,0.13,0.3,100.53,-15.38,47.83,5
11.29,2.98,1.01,-10.78,2.23,-1.25,0.83,0.22,0.38,97.84,2.08,55.72,5
11.53,0.78,1.76,-10.51,1.49,-1.13,1.05,0.49,0.6,103.25,25.05,65.53,5
13.72,0.98,2.03,-10.12,-1.45,0.39,0.76,0.5,0.95,108.36,3.4,51.27,5
11.96,0.11,2.39,-10.82,-2.66,2.62,0.65,0.39,0.59,69.2,-5.37,27.53,5
11.1,0.07,2.82,-8.62,-4.27,2.86,0.72,0.38,0.44,59.73,8.18,17.51,5
8.66,-1.49,0.58,-7.57,-4.74,1.01,0.77,0.31,0.44,39.77,24.63,11.88,5
7.64,-2.58,0.31,-6.43,-3.88,0.15,0.75,0.26,0.52,22.98,41.3,-1.59,5
5.76,-3.45,-2.86,-5.17,-4.74,-3.88,0.56,0.27,0.8,13.66,27.35,2.6,5
5.88,-4.7,-6.31,-5.37,-4.43,-5.68,0.78,0.36,0.77,25.24,6.9,2.99,5
7.02,-4.51,-8,-4.31,-4.62,-5.88,0.74,0.23,0.66,7.23,-1.03,-15,5
5.45,-3.56,-6.15,-3.09,-5.96,-6.66,0.69,0.22,0.59,3.84,-6.05,-16.94,5
7.13,-3.6,-4.66,-3.13,-5.76,-4.51,0.74,0.09,0.6,-1.33,3.61,-8.16,5
7.02,-3.84,-3.02,-4.27,-6.31,-2.51,0.78,0.18,0.63,-2.66,-1.14,-7.38,5
6.9,-3.96,0.19,-6.11,-5.13,0,0.82,0.18,0.59,-7.73,-4.83,-5.66,5
7.68,-3.25,4.11,-8.43,-4.19,5.17,0.82,0.17,0.61,-13.88,-5.07,-5.97,5
6.47,-3.53,4.7,-8.51,-5.09,6.7,0.84,0.2,0.59,-15.23,-6.05,-4.85,5
20.04,2.86,8.59,-20.08,13.02,18.94,0.76,0.14,0.5,-26.44,-16.59,-2.88,5
2.31,-14.67,-1.52,4.19,-8.35,3.21,0.91,0.31,0.42,-16.52,-24.46,8.27,5
8.11,-6.47,8.78,-1.01,-6.27,6.43,0.87,0.15,0.35,-10.05,6.34,-5.69,5
3.72,-7.96,2.11,-7.49,-7.92,2.39,0.81,0.13,0.48,-14.65,10.75,-9.99,5
4.78,-5.53,1.33,-6.51,-5.96,3.76,0.78,0.14,0.5,-11.4,0,-6.24,5
3.96,-3.53,2.74,-4.11,-4.39,3.84,0.79,0.2,0.43,-8.83,-7.6,-5.51,5
2.47,-1.21,2.7,-2.98,-2.7,4.15,0.84,0.16,0.43,-10.18,-6.4,-3.71,5